Irradiation,Temperature,Current,Voltage,Label,Current_raw ,Voltage_raw,,,,,,,,,
100,10,1.86,14.9,1,1.86E+00,1.49E+01,,,,,,,,,
100,15,1.86,14.9,1,1.86E+00,1.49E+01,,,,,,,,,
100,20,1.86,14.9,1,1.86E+00,1.49E+01,,,,,,,,,
100,25,1.86,14.9,1,1.86E+00,1.49E+01,,,,,,,,,
100,30,1.86,14.9,1,1.86E+00,1.49E+01,,,,,,,,,
100,35,1.86,14.9,1,1.86E+00,1.49E+01,,,,,,,,,
100,40,1.86,14.9,1,1.86E+00,1.49E+01,,,,,,,,,
100,45,1.87,14.9,1,1.87E+00,1.49E+01,,,,,,,,,
100,50,1.87,14.9,1,1.87E+00,1.49E+01,,,,,,,,,
100,55,1.87,14.9,1,1.87E+00,1.49E+01,,,,,,,,,
100,60,1.87,15,1,1.87E+00,1.50E+01,,,,,,,,,
150,10,2.78,22.3,1,2.78E+00,2.23E+01,,,,,,,,,
150,15,2.79,22.3,1,2.79E+00,2.23E+01,,,,,,,,,
150,20,2.79,22.3,1,2.79E+00,2.23E+01,,,,,,,,,
150,25,2.79,22.3,1,2.79E+00,2.23E+01,,,,,,,,,
150,30,2.79,22.3,1,2.79E+00,2.23E+01,,,,,,,,,
150,35,2.79,22.3,1,2.79E+00,2.23E+01,,,,,,,,,
150,40,2.79,22.4,1,2.79E+00,2.24E+01,,,,,,,,,
150,45,2.8,22.4,1,2.80E+00,2.24E+01,,,,,,,,,
150,50,2.8,22.4,1,2.80E+00,2.24E+01,,,,,,,,,
150,55,2.8,22.4,1,2.80E+00,2.24E+01,,,,,,,,,
150,60,2.8,22.4,1,2.80E+00,2.24E+01,,,,,,,,,
200,10,3.71,29.7,1,3.71E+00,2.97E+01,,,,,,,,,
200,15,3.71,29.7,1,3.71E+00,2.97E+01,,,,,,,,,
200,20,3.71,29.7,1,3.71E+00,2.97E+01,,,,,,,,,
200,25,3.72,29.7,1,3.72E+00,2.97E+01,,,,,,,,,
200,30,3.72,29.7,1,3.72E+00,2.97E+01,,,,,,,,,
200,35,3.72,29.8,1,3.72E+00,2.98E+01,,,,,,,,,
200,40,3.72,29.8,1,3.72E+00,2.98E+01,,,,,,,,,
200,45,3.73,29.8,1,3.73E+00,2.98E+01,,,,,,,,,
200,50,3.73,29.8,1,3.73E+00,2.98E+01,,,,,,,,,
200,55,3.73,29.8,1,3.73E+00,2.98E+01,,,,,,,,,
200,60,3.73,29.9,1,3.73E+00,2.99E+01,,,,,,,,,
250,10,4.63,37.1,1,4.63E+00,3.71E+01,,,,,,,,,
250,15,4.63,37.1,1,4.63E+00,3.71E+01,,,,,,,,,
250,20,4.64,37.1,1,4.64E+00,3.71E+01,,,,,,,,,
250,25,4.64,37.1,1,4.64E+00,3.71E+01,,,,,,,,,
250,30,4.64,37.2,1,4.64E+00,3.72E+01,,,,,,,,,
250,35,4.65,37.2,1,4.65E+00,3.72E+01,,,,,,,,,
250,40,4.65,37.2,1,4.65E+00,3.72E+01,,,,,,,,,
250,45,4.65,37.2,1,4.65E+00,3.72E+01,,,,,,,,,
250,50,4.66,37.3,1,4.66E+00,3.73E+01,,,,,,,,,
250,55,4.66,37.3,1,4.66E+00,3.73E+01,,,,,,,,,
250,60,4.66,37.3,1,4.66E+00,3.73E+01,,,,,,,,,
300,10,5.55,44.4,1,5.55E+00,4.44E+01,,,,,,,,,
300,15,5.56,44.5,1,5.56E+00,4.45E+01,,,,,,,,,
300,20,5.56,44.5,1,5.56E+00,4.45E+01,,,,,,,,,
300,25,5.56,44.5,1,5.56E+00,4.45E+01,,,,,,,,,
300,30,5.57,44.5,1,5.57E+00,4.45E+01,,,,,,,,,
300,35,5.57,44.6,1,5.57E+00,4.46E+01,,,,,,,,,
300,40,5.58,44.6,1,5.58E+00,4.46E+01,,,,,,,,,
300,45,5.58,44.6,1,5.58E+00,4.46E+01,,,,,,,,,
300,50,5.58,44.7,1,5.58E+00,4.47E+01,,,,,,,,,
300,55,5.59,44.7,1,5.59E+00,4.47E+01,,,,,,,,,
300,60,5.59,44.7,1,5.59E+00,4.47E+01,,,,,,,,,
350,10,6.47,51.8,1,6.47E+00,5.18E+01,,,,,,,,,
350,15,6.48,51.8,1,6.48E+00,5.18E+01,,,,,,,,,
350,20,6.48,51.9,1,6.48E+00,5.19E+01,,,,,,,,,
350,25,6.49,51.9,1,6.49E+00,5.19E+01,,,,,,,,,
350,30,6.49,51.9,1,6.49E+00,5.19E+01,,,,,,,,,
350,35,6.5,52,1,6.50E+00,5.20E+01,,,,,,,,,
350,40,6.5,52,1,6.50E+00,5.20E+01,,,,,,,,,
350,45,6.5,52,1,6.50E+00,5.20E+01,,,,,,,,,
350,50,6.51,52.1,1,6.51E+00,5.21E+01,,,,,,,,,
350,55,6.51,52.1,1,6.51E+00,5.21E+01,,,,,,,,,
350,60,6.52,52.1,1,6.52E+00,5.21E+01,,,,,,,,,
400,10,7.39,59.2,1,7.39E+00,5.92E+01,,,,,,,,,
400,15,7.4,59.2,1,7.40E+00,5.92E+01,,,,,,,,,
400,20,7.4,59.2,1,7.40E+00,5.92E+01,,,,,,,,,
400,25,7.41,59.3,1,7.41E+00,5.93E+01,,,,,,,,,
400,30,7.41,59.3,1,7.41E+00,5.93E+01,,,,,,,,,
400,35,7.42,59.3,1,7.42E+00,5.93E+01,,,,,,,,,
400,40,7.42,59.4,1,7.42E+00,5.94E+01,,,,,,,,,
400,45,7.43,59.4,1,7.43E+00,5.94E+01,,,,,,,,,
400,50,7.43,59.5,1,7.43E+00,5.95E+01,,,,,,,,,
400,55,7.44,59.5,1,7.44E+00,5.95E+01,,,,,,,,,
400,60,7.44,59.5,1,7.44E+00,5.95E+01,,,,,,,,,
450,10,8.31,66.5,1,8.31E+00,6.65E+01,,,,,,,,,
450,15,8.32,66.5,1,8.32E+00,6.65E+01,,,,,,,,,
450,20,8.32,66.6,1,8.32E+00,6.66E+01,,,,,,,,,
450,25,8.33,66.6,1,8.33E+00,6.66E+01,,,,,,,,,
450,30,8.33,66.7,1,8.33E+00,6.67E+01,,,,,,,,,
450,35,8.34,66.7,1,8.34E+00,6.67E+01,,,,,,,,,
450,40,8.35,66.8,1,8.35E+00,6.68E+01,,,,,,,,,
450,45,8.35,66.8,1,8.35E+00,6.68E+01,,,,,,,,,
450,50,8.36,66.8,1,8.36E+00,6.68E+01,,,,,,,,,
450,55,8.36,66.9,1,8.36E+00,6.69E+01,,,,,,,,,
450,60,8.37,66.9,1,8.37E+00,6.69E+01,,,,,,,,,
500,10,9.23,73.8,1,9.23E+00,7.38E+01,,,,,,,,,
500,15,9.23,73.9,1,9.23E+00,7.39E+01,,,,,,,,,
500,20,9.24,73.9,1,9.24E+00,7.39E+01,,,,,,,,,
500,25,9.25,74,1,9.25E+00,7.40E+01,,,,,,,,,
500,30,9.25,74,1,9.25E+00,7.40E+01,,,,,,,,,
500,35,9.26,74.1,1,9.26E+00,7.41E+01,,,,,,,,,
500,40,9.27,74.1,1,9.27E+00,7.41E+01,,,,,,,,,
500,45,9.27,74.2,1,9.27E+00,7.42E+01,,,,,,,,,
500,50,9.28,74.2,1,9.28E+00,7.42E+01,,,,,,,,,
500,55,9.28,74.3,1,9.28E+00,7.43E+01,,,,,,,,,
500,60,9.29,74.3,1,9.29E+00,7.43E+01,,,,,,,,,
550,10,10.1,81.2,1,1.01E+01,8.12E+01,,,,,,,,,
550,15,10.2,81.2,1,1.02E+01,8.12E+01,,,,,,,,,
550,20,10.2,81.3,1,1.02E+01,8.13E+01,,,,,,,,,
550,25,10.2,81.3,1,1.02E+01,8.13E+01,,,,,,,,,
550,30,10.2,81.4,1,1.02E+01,8.14E+01,,,,,,,,,
550,35,10.2,81.4,1,1.02E+01,8.14E+01,,,,,,,,,
550,40,10.2,81.5,1,1.02E+01,8.15E+01,,,,,,,,,
550,45,10.2,81.5,1,1.02E+01,8.15E+01,,,,,,,,,
550,50,10.2,81.6,1,1.02E+01,8.16E+01,,,,,,,,,
550,55,10.2,81.6,1,1.02E+01,8.16E+01,,,,,,,,,
550,60,10.2,81.7,1,1.02E+01,8.17E+01,,,,,,,,,
600,10,11.1,88.5,1,1.11E+01,8.85E+01,,,,,,,,,
600,15,11.1,88.5,1,1.11E+01,8.85E+01,,,,,,,,,
600,20,11.1,88.6,1,1.11E+01,8.86E+01,,,,,,,,,
600,25,11.1,88.6,1,1.11E+01,8.86E+01,,,,,,,,,
600,30,11.1,88.7,1,1.11E+01,8.87E+01,,,,,,,,,
600,35,11.1,88.8,1,1.11E+01,8.88E+01,,,,,,,,,
600,40,11.1,88.8,1,1.11E+01,8.88E+01,,,,,,,,,
600,45,11.1,88.9,1,1.11E+01,8.89E+01,,,,,,,,,
600,50,11.1,88.9,1,1.11E+01,8.89E+01,,,,,,,,,
600,55,11.1,89,1,1.11E+01,8.90E+01,,,,,,,,,
600,60,11.1,89,1,1.11E+01,8.90E+01,,,,,,,,,
650,10,12,95.8,1,1.20E+01,9.58E+01,,,,,,,,,
650,15,12,95.8,1,1.20E+01,9.58E+01,,,,,,,,,
650,20,12,95.9,1,1.20E+01,9.59E+01,,,,,,,,,
650,25,12,96,1,1.20E+01,9.60E+01,,,,,,,,,
650,30,12,96,1,1.20E+01,9.60E+01,,,,,,,,,
650,35,12,96.1,1,1.20E+01,9.61E+01,,,,,,,,,
650,40,12,96.1,1,1.20E+01,9.61E+01,,,,,,,,,
650,45,12,96.2,1,1.20E+01,9.62E+01,,,,,,,,,
650,50,12,96.3,1,1.20E+01,9.63E+01,,,,,,,,,
650,55,12,96.3,1,1.20E+01,9.63E+01,,,,,,,,,
650,60,12,96.4,1,1.20E+01,9.64E+01,,,,,,,,,
700,10,12.9,103,1,1.29E+01,1.03E+02,,,,,,,,,
700,15,12.9,103,1,1.29E+01,1.03E+02,,,,,,,,,
700,20,12.9,103,1,1.29E+01,1.03E+02,,,,,,,,,
700,25,12.9,103,1,1.29E+01,1.03E+02,,,,,,,,,
700,30,12.9,103,1,1.29E+01,1.03E+02,,,,,,,,,
700,35,12.9,103,1,1.29E+01,1.03E+02,,,,,,,,,
700,40,12.9,103,1,1.29E+01,1.03E+02,,,,,,,,,
700,45,12.9,104,1,1.29E+01,1.04E+02,,,,,,,,,
700,50,12.9,104,1,1.29E+01,1.04E+02,,,,,,,,,
700,55,13,104,1,1.30E+01,1.04E+02,,,,,,,,,
700,60,13,104,1,1.30E+01,1.04E+02,,,,,,,,,
750,10,13.8,110,1,1.38E+01,1.10E+02,,,,,,,,,
750,15,13.8,110,1,1.38E+01,1.10E+02,,,,,,,,,
750,20,13.8,110,1,1.38E+01,1.10E+02,,,,,,,,,
750,25,13.8,111,1,1.38E+01,1.11E+02,,,,,,,,,
750,30,13.8,111,1,1.38E+01,1.11E+02,,,,,,,,,
750,35,13.8,111,1,1.38E+01,1.11E+02,,,,,,,,,
750,40,13.8,111,1,1.38E+01,1.11E+02,,,,,,,,,
750,45,13.9,111,1,1.39E+01,1.11E+02,,,,,,,,,
750,50,13.9,111,1,1.39E+01,1.11E+02,,,,,,,,,
750,55,13.9,111,1,1.39E+01,1.11E+02,,,,,,,,,
750,60,13.9,111,1,1.39E+01,1.11E+02,,,,,,,,,
800,10,14.7,118,1,1.47E+01,1.18E+02,,,,,,,,,
800,15,14.7,118,1,1.47E+01,1.18E+02,,,,,,,,,
800,20,14.7,118,1,1.47E+01,1.18E+02,,,,,,,,,
800,25,14.7,118,1,1.47E+01,1.18E+02,,,,,,,,,
800,30,14.7,118,1,1.47E+01,1.18E+02,,,,,,,,,
800,35,14.7,118,1,1.47E+01,1.18E+02,,,,,,,,,
800,40,14.8,118,1,1.48E+01,1.18E+02,,,,,,,,,
800,45,14.8,118,1,1.48E+01,1.18E+02,,,,,,,,,
800,50,14.8,118,1,1.48E+01,1.18E+02,,,,,,,,,
800,55,14.8,118,1,1.48E+01,1.18E+02,,,,,,,,,
800,60,14.8,118,1,1.48E+01,1.18E+02,,,,,,,,,
850,10,15.6,125,1,1.56E+01,1.25E+02,,,,,,,,,
850,15,15.6,125,1,1.56E+01,1.25E+02,,,,,,,,,
850,20,15.6,125,1,1.56E+01,1.25E+02,,,,,,,,,
850,25,15.6,125,1,1.56E+01,1.25E+02,,,,,,,,,
850,30,15.6,125,1,1.56E+01,1.25E+02,,,,,,,,,
850,35,15.7,125,1,1.57E+01,1.25E+02,,,,,,,,,
850,40,15.7,125,1,1.57E+01,1.25E+02,,,,,,,,,
850,45,15.7,125,1,1.57E+01,1.25E+02,,,,,,,,,
850,50,15.7,125,1,1.57E+01,1.25E+02,,,,,,,,,
850,55,15.7,125,1,1.57E+01,1.25E+02,,,,,,,,,
850,60,15.7,125,1,1.57E+01,1.25E+02,,,,,,,,,
900,10,16.5,132,1,1.65E+01,1.32E+02,,,,,,,,,
900,15,16.5,132,1,1.65E+01,1.32E+02,,,,,,,,,
900,20,16.5,132,1,1.65E+01,1.32E+02,,,,,,,,,
900,25,16.5,132,1,1.65E+01,1.32E+02,,,,,,,,,
900,30,16.5,132,1,1.65E+01,1.32E+02,,,,,,,,,
900,35,16.6,132,1,1.66E+01,1.32E+02,,,,,,,,,
900,40,16.6,132,1,1.66E+01,1.32E+02,,,,,,,,,
900,45,16.6,132,1,1.66E+01,1.32E+02,,,,,,,,,
900,50,16.5,132,1,1.65E+01,1.32E+02,,,,,,,,,
900,55,16.5,132,1,1.65E+01,1.32E+02,,,,,,,,,
900,60,16.5,132,1,1.65E+01,1.32E+02,,,,,,,,,
950,10,17.4,139,1,1.74E+01,1.39E+02,,,,,,,,,
950,15,17.4,139,1,1.74E+01,1.39E+02,,,,,,,,,
950,20,17.4,139,1,1.74E+01,1.39E+02,,,,,,,,,
950,25,17.4,140,1,1.74E+01,1.40E+02,,,,,,,,,
950,30,17.4,140,1,1.74E+01,1.40E+02,,,,,,,,,
950,35,17.4,140,1,1.74E+01,1.40E+02,,,,,,,,,
950,40,17.4,139,1,1.74E+01,1.39E+02,,,,,,,,,
950,45,17.4,139,1,1.74E+01,1.39E+02,,,,,,,,,
950,50,17.4,139,1,1.74E+01,1.39E+02,,,,,,,,,
950,55,17.3,139,1,1.73E+01,1.39E+02,,,,,,,,,
950,60,17.3,138,1,1.73E+01,1.38E+02,,,,,,,,,
1000,10,18.3,146,1,1.83E+01,1.46E+02,,,,,,,,,
1000,15,18.3,147,1,1.83E+01,1.47E+02,,,,,,,,,
1000,20,18.3,147,1,1.83E+01,1.47E+02,,,,,,,,,
1000,25,18.3,147,1,1.83E+01,1.47E+02,,,,,,,,,
1000,30,18.3,146,1,1.83E+01,1.46E+02,,,,,,,,,
1000,35,18.3,146,1,1.83E+01,1.46E+02,,,,,,,,,
1000,40,18.3,146,1,1.83E+01,1.46E+02,,,,,,,,,
1000,45,18.2,146,1,1.82E+01,1.46E+02,,,,,,,,,
1000,50,18.1,145,1,1.81E+01,1.45E+02,,,,,,,,,
1000,55,18,144,1,1.80E+01,1.44E+02,,,,,,,,,
1000,60,17.9,143,1,1.79E+01,1.43E+02,,,,,,,,,
1050,10,19.2,154,1,1.92E+01,1.54E+02,,,,,,,,,
1050,15,19.2,154,1,1.92E+01,1.54E+02,,,,,,,,,
1050,20,19.2,154,1,1.92E+01,1.54E+02,,,,,,,,,
1050,25,19.2,153,1,1.92E+01,1.53E+02,,,,,,,,,
1050,30,19.1,153,1,1.91E+01,1.53E+02,,,,,,,,,
1050,35,19.1,153,1,1.91E+01,1.53E+02,,,,,,,,,
1050,40,19,152,1,1.90E+01,1.52E+02,,,,,,,,,
1050,45,18.9,151,1,1.89E+01,1.51E+02,,,,,,,,,
1050,50,18.8,150,1,1.88E+01,1.50E+02,,,,,,,,,
1050,55,18.6,149,1,1.86E+01,1.49E+02,,,,,,,,,
1050,60,18.4,147,1,1.84E+01,1.47E+02,,,,,,,,,
1100,10,20.1,160,1,2.01E+01,1.60E+02,,,,,,,,,
1100,15,20,160,1,2.00E+01,1.60E+02,,,,,,,,,
1100,20,20,160,1,2.00E+01,1.60E+02,,,,,,,,,
1100,25,19.9,160,1,1.99E+01,1.60E+02,,,,,,,,,
1100,30,19.9,159,1,1.99E+01,1.59E+02,,,,,,,,,
1100,35,19.7,158,1,1.97E+01,1.58E+02,,,,,,,,,
1100,40,19.6,157,1,1.96E+01,1.57E+02,,,,,,,,,
1100,45,19.5,156,1,1.95E+01,1.56E+02,,,,,,,,,
1100,50,19.3,154,1,1.93E+01,1.54E+02,,,,,,,,,
1100,55,19.1,153,1,1.91E+01,1.53E+02,,,,,,,,,
1100,60,18.9,151,1,1.89E+01,1.51E+02,,,,,,,,,
1150,10,20.9,167,1,2.09E+01,1.67E+02,,,,,,,,,
1150,15,20.8,166,1,2.08E+01,1.66E+02,,,,,,,,,
1150,20,20.7,166,1,2.07E+01,1.66E+02,,,,,,,,,
1150,25,20.6,165,1,2.06E+01,1.65E+02,,,,,,,,,
1150,30,20.5,164,1,2.05E+01,1.64E+02,,,,,,,,,
1150,35,20.3,162,1,2.03E+01,1.62E+02,,,,,,,,,
1150,40,20.1,161,1,2.01E+01,1.61E+02,,,,,,,,,
1150,45,19.9,159,1,1.99E+01,1.59E+02,,,,,,,,,
1150,50,19.7,157,1,1.97E+01,1.57E+02,,,,,,,,,
1150,55,19.4,156,1,1.94E+01,1.56E+02,,,,,,,,,
1150,60,19.2,154,1,1.92E+01,1.54E+02,,,,,,,,,
1200,10,21.6,173,1,2.16E+01,1.73E+02,,,,,,,,,
1200,15,21.4,172,1,2.14E+01,1.72E+02,,,,,,,,,
1200,20,21.3,170,1,2.13E+01,1.70E+02,,,,,,,,,
1200,25,21.1,169,1,2.11E+01,1.69E+02,,,,,,,,,
1200,30,20.9,167,1,2.09E+01,1.67E+02,,,,,,,,,
1200,35,20.7,166,1,2.07E+01,1.66E+02,,,,,,,,,
1200,40,20.5,164,1,2.05E+01,1.64E+02,,,,,,,,,
1200,45,20.3,162,1,2.03E+01,1.62E+02,,,,,,,,,
1200,50,20,160,1,2.00E+01,1.60E+02,,,,,,,,,
1200,55,19.7,158,1,1.97E+01,1.58E+02,,,,,,,,,
1200,60,19.5,156,1,1.95E+01,1.56E+02,,,,,,,,,
1250,10,22.1,177,1,2.21E+01,1.77E+02,,,,,,,,,
1250,15,22,176,1,2.20E+01,1.76E+02,,,,,,,,,
1250,20,21.8,174,1,2.18E+01,1.74E+02,,,,,,,,,
1250,25,21.5,172,1,2.15E+01,1.72E+02,,,,,,,,,
1250,30,21.3,170,1,2.13E+01,1.70E+02,,,,,,,,,
1250,35,21.1,168,1,2.11E+01,1.68E+02,,,,,,,,,
1250,40,20.8,166,1,2.08E+01,1.66E+02,,,,,,,,,
1250,45,20.5,164,1,2.05E+01,1.64E+02,,,,,,,,,
1250,50,20.3,162,1,2.03E+01,1.62E+02,,,,,,,,,
1250,55,20,160,1,2.00E+01,1.60E+02,,,,,,,,,
1250,60,19.7,158,1,1.97E+01,1.58E+02,,,,,,,,,
100,10,1.238521,9.908165,2,1.24E+00,9.91E+00,,,,,,,,,
100,15,1.239345,9.914758,2,1.24E+00,9.91E+00,,,,,,,,,
100,20,1.240169,9.921351,2,1.24E+00,9.92E+00,,,,,,,,,
100,25,1.240993,9.927944,2,1.24E+00,9.93E+00,,,,,,,,,
100,30,1.241817,9.934538,2,1.24E+00,9.93E+00,,,,,,,,,
100,35,1.242641,9.941131,2,1.24E+00,9.94E+00,,,,,,,,,
100,40,1.243465,9.947724,2,1.24E+00,9.95E+00,,,,,,,,,
100,45,1.24429,9.954317,2,1.24E+00,9.95E+00,,,,,,,,,
100,50,1.245114,9.96091,2,1.25E+00,9.96E+00,,,,,,,,,
100,55,1.245938,9.967503,2,1.25E+00,9.97E+00,,,,,,,,,
100,60,1.246762,9.974096,2,1.25E+00,9.97E+00,,,,,,,,,
150,10,1.856816,14.85452,2,1.86E+00,1.49E+01,,,,,,,,,
150,15,1.858051,14.86441,2,1.86E+00,1.49E+01,,,,,,,,,
150,20,1.859287,14.87429,2,1.86E+00,1.49E+01,,,,,,,,,
150,25,1.860522,14.88418,2,1.86E+00,1.49E+01,,,,,,,,,
150,30,1.861758,14.89406,2,1.86E+00,1.49E+01,,,,,,,,,
150,35,1.862993,14.90395,2,1.86E+00,1.49E+01,,,,,,,,,
150,40,1.864229,14.91383,2,1.86E+00,1.49E+01,,,,,,,,,
150,45,1.865464,14.92372,2,1.87E+00,1.49E+01,,,,,,,,,
150,50,1.8667,14.9336,2,1.87E+00,1.49E+01,,,,,,,,,
150,55,1.867936,14.94348,2,1.87E+00,1.49E+01,,,,,,,,,
150,60,1.869171,14.95337,2,1.87E+00,1.50E+01,,,,,,,,,
200,10,2.474468,19.79574,2,2.47E+00,1.98E+01,,,,,,,,,
200,15,2.476115,19.80892,2,2.48E+00,1.98E+01,,,,,,,,,
200,20,2.477761,19.82209,2,2.48E+00,1.98E+01,,,,,,,,,
200,25,2.479408,19.83526,2,2.48E+00,1.98E+01,,,,,,,,,
200,30,2.481054,19.84844,2,2.48E+00,1.98E+01,,,,,,,,,
200,35,2.482701,19.86161,2,2.48E+00,1.99E+01,,,,,,,,,
200,40,2.484348,19.87478,2,2.48E+00,1.99E+01,,,,,,,,,
200,45,2.485994,19.88795,2,2.49E+00,1.99E+01,,,,,,,,,
200,50,2.487641,19.90113,2,2.49E+00,1.99E+01,,,,,,,,,
200,55,2.489287,19.9143,2,2.49E+00,1.99E+01,,,,,,,,,
200,60,2.490934,19.92747,2,2.49E+00,1.99E+01,,,,,,,,,
250,10,3.091479,24.73184,2,3.09E+00,2.47E+01,,,,,,,,,
250,15,3.093537,24.74829,2,3.09E+00,2.47E+01,,,,,,,,,
250,20,3.095594,24.76475,2,3.10E+00,2.48E+01,,,,,,,,,
250,25,3.097651,24.78121,2,3.10E+00,2.48E+01,,,,,,,,,
250,30,3.099708,24.79766,2,3.10E+00,2.48E+01,,,,,,,,,
250,35,3.101765,24.81412,2,3.10E+00,2.48E+01,,,,,,,,,
250,40,3.103822,24.83058,2,3.10E+00,2.48E+01,,,,,,,,,
250,45,3.105879,24.84704,2,3.11E+00,2.48E+01,,,,,,,,,
250,50,3.107937,24.86349,2,3.11E+00,2.49E+01,,,,,,,,,
250,55,3.109994,24.87995,2,3.11E+00,2.49E+01,,,,,,,,,
250,60,3.112051,24.89641,2,3.11E+00,2.49E+01,,,,,,,,,
300,10,3.70785,29.6628,2,3.71E+00,2.97E+01,,,,,,,,,
300,15,3.710318,29.68254,2,3.71E+00,2.97E+01,,,,,,,,,
300,20,3.712785,29.70228,2,3.71E+00,2.97E+01,,,,,,,,,
300,25,3.715252,29.72202,2,3.72E+00,2.97E+01,,,,,,,,,
300,30,3.71772,29.74176,2,3.72E+00,2.97E+01,,,,,,,,,
300,35,3.720187,29.7615,2,3.72E+00,2.98E+01,,,,,,,,,
300,40,3.722654,29.78123,2,3.72E+00,2.98E+01,,,,,,,,,
300,45,3.725121,29.80097,2,3.73E+00,2.98E+01,,,,,,,,,
300,50,3.727589,29.82071,2,3.73E+00,2.98E+01,,,,,,,,,
300,55,3.730056,29.84045,2,3.73E+00,2.98E+01,,,,,,,,,
300,60,3.732523,29.86018,2,3.73E+00,2.99E+01,,,,,,,,,
350,10,4.323582,34.58866,2,4.32E+00,3.46E+01,,,,,,,,,
350,15,4.326459,34.61167,2,4.33E+00,3.46E+01,,,,,,,,,
350,20,4.329336,34.63469,2,4.33E+00,3.46E+01,,,,,,,,,
350,25,4.332213,34.65771,2,4.33E+00,3.47E+01,,,,,,,,,
350,30,4.33509,34.68072,2,4.34E+00,3.47E+01,,,,,,,,,
350,35,4.337967,34.70374,2,4.34E+00,3.47E+01,,,,,,,,,
350,40,4.340844,34.72675,2,4.34E+00,3.47E+01,,,,,,,,,
350,45,4.343721,34.74977,2,4.34E+00,3.47E+01,,,,,,,,,
350,50,4.346598,34.77279,2,4.35E+00,3.48E+01,,,,,,,,,
350,55,4.349475,34.7958,2,4.35E+00,3.48E+01,,,,,,,,,
350,60,4.352352,34.81881,2,4.35E+00,3.48E+01,,,,,,,,,
400,10,4.938676,39.5094,2,4.94E+00,3.95E+01,,,,,,,,,
400,15,4.941962,39.5357,2,4.94E+00,3.95E+01,,,,,,,,,
400,20,4.945248,39.56199,2,4.95E+00,3.96E+01,,,,,,,,,
400,25,4.948535,39.58828,2,4.95E+00,3.96E+01,,,,,,,,,
400,30,4.951821,39.61457,2,4.95E+00,3.96E+01,,,,,,,,,
400,35,4.955107,39.64086,2,4.96E+00,3.96E+01,,,,,,,,,
400,40,4.958393,39.66715,2,4.96E+00,3.97E+01,,,,,,,,,
400,45,4.96168,39.69344,2,4.96E+00,3.97E+01,,,,,,,,,
400,50,4.964966,39.71973,2,4.96E+00,3.97E+01,,,,,,,,,
400,55,4.968252,39.74602,2,4.97E+00,3.97E+01,,,,,,,,,
400,60,4.971538,39.7723,2,4.97E+00,3.98E+01,,,,,,,,,
450,10,5.553132,44.42505,2,5.55E+00,4.44E+01,,,,,,,,,
450,15,5.556827,44.45461,2,5.56E+00,4.45E+01,,,,,,,,,
450,20,5.560522,44.48418,2,5.56E+00,4.45E+01,,,,,,,,,
450,25,5.564217,44.51374,2,5.56E+00,4.45E+01,,,,,,,,,
450,30,5.567912,44.5433,2,5.57E+00,4.45E+01,,,,,,,,,
450,35,5.571608,44.57286,2,5.57E+00,4.46E+01,,,,,,,,,
450,40,5.575303,44.60242,2,5.58E+00,4.46E+01,,,,,,,,,
450,45,5.578998,44.63198,2,5.58E+00,4.46E+01,,,,,,,,,
450,50,5.582693,44.66154,2,5.58E+00,4.47E+01,,,,,,,,,
450,55,5.586387,44.6911,2,5.59E+00,4.47E+01,,,,,,,,,
450,60,5.590082,44.72065,2,5.59E+00,4.47E+01,,,,,,,,,
500,10,6.166951,49.33561,2,6.17E+00,4.93E+01,,,,,,,,,
500,15,6.171055,49.36844,2,6.17E+00,4.94E+01,,,,,,,,,
500,20,6.175159,49.40127,2,6.18E+00,4.94E+01,,,,,,,,,
500,25,6.179262,49.4341,2,6.18E+00,4.94E+01,,,,,,,,,
500,30,6.183366,49.46693,2,6.18E+00,4.95E+01,,,,,,,,,
500,35,6.18747,49.49976,2,6.19E+00,4.95E+01,,,,,,,,,
500,40,6.191573,49.53258,2,6.19E+00,4.95E+01,,,,,,,,,
500,45,6.195676,49.56541,2,6.20E+00,4.96E+01,,,,,,,,,
500,50,6.19978,49.59824,2,6.20E+00,4.96E+01,,,,,,,,,
500,55,6.203882,49.63106,2,6.20E+00,4.96E+01,,,,,,,,,
500,60,6.207984,49.66387,2,6.21E+00,4.97E+01,,,,,,,,,
550,10,6.780136,54.24109,2,6.78E+00,5.42E+01,,,,,,,,,
550,15,6.784648,54.27718,2,6.78E+00,5.43E+01,,,,,,,,,
550,20,6.789159,54.31327,2,6.79E+00,5.43E+01,,,,,,,,,
550,25,6.793671,54.34937,2,6.79E+00,5.43E+01,,,,,,,,,
550,30,6.798182,54.38546,2,6.80E+00,5.44E+01,,,,,,,,,
550,35,6.802694,54.42155,2,6.80E+00,5.44E+01,,,,,,,,,
550,40,6.807205,54.45764,2,6.81E+00,5.45E+01,,,,,,,,,
550,45,6.811717,54.49373,2,6.81E+00,5.45E+01,,,,,,,,,
550,50,6.816227,54.52982,2,6.82E+00,5.45E+01,,,,,,,,,
550,55,6.820737,54.5659,2,6.82E+00,5.46E+01,,,,,,,,,
550,60,6.825246,54.60197,2,6.83E+00,5.46E+01,,,,,,,,,
600,10,7.392686,59.14149,2,7.39E+00,5.91E+01,,,,,,,,,
600,15,7.397605,59.18084,2,7.40E+00,5.92E+01,,,,,,,,,
600,20,7.402525,59.2202,2,7.40E+00,5.92E+01,,,,,,,,,
600,25,7.407444,59.25955,2,7.41E+00,5.93E+01,,,,,,,,,
600,30,7.412363,59.2989,2,7.41E+00,5.93E+01,,,,,,,,,
600,35,7.417282,59.33825,2,7.42E+00,5.93E+01,,,,,,,,,
600,40,7.422201,59.3776,2,7.42E+00,5.94E+01,,,,,,,,,
600,45,7.427119,59.41695,2,7.43E+00,5.94E+01,,,,,,,,,
600,50,7.432036,59.45629,2,7.43E+00,5.95E+01,,,,,,,,,
600,55,7.436952,59.49562,2,7.44E+00,5.95E+01,,,,,,,,,
600,60,7.441866,59.53493,2,7.44E+00,5.95E+01,,,,,,,,,
650,10,8.004603,64.03682,2,8.00E+00,6.40E+01,,,,,,,,,
650,15,8.009929,64.07943,2,8.01E+00,6.41E+01,,,,,,,,,
650,20,8.015256,64.12205,2,8.02E+00,6.41E+01,,,,,,,,,
650,25,8.020582,64.16466,2,8.02E+00,6.42E+01,,,,,,,,,
650,30,8.025908,64.20726,2,8.03E+00,6.42E+01,,,,,,,,,
650,35,8.031234,64.24987,2,8.03E+00,6.42E+01,,,,,,,,,
650,40,8.036559,64.29248,2,8.04E+00,6.43E+01,,,,,,,,,
650,45,8.041884,64.33507,2,8.04E+00,6.43E+01,,,,,,,,,
650,50,8.047207,64.37766,2,8.05E+00,6.44E+01,,,,,,,,,
650,55,8.052527,64.42022,2,8.05E+00,6.44E+01,,,,,,,,,
650,60,8.057844,64.46275,2,8.06E+00,6.45E+01,,,,,,,,,
700,10,8.615887,68.9271,2,8.62E+00,6.89E+01,,,,,,,,,
700,15,8.62162,68.97296,2,8.62E+00,6.90E+01,,,,,,,,,
700,20,8.627353,69.01883,2,8.63E+00,6.90E+01,,,,,,,,,
700,25,8.633086,69.06469,2,8.63E+00,6.91E+01,,,,,,,,,
700,30,8.638819,69.11055,2,8.64E+00,6.91E+01,,,,,,,,,
700,35,8.644551,69.15641,2,8.64E+00,6.92E+01,,,,,,,,,
700,40,8.650282,69.20226,2,8.65E+00,6.92E+01,,,,,,,,,
700,45,8.656012,69.24809,2,8.66E+00,6.92E+01,,,,,,,,,
700,50,8.661738,69.29391,2,8.66E+00,6.93E+01,,,,,,,,,
700,55,8.66746,69.33968,2,8.67E+00,6.93E+01,,,,,,,,,
700,60,8.673174,69.3854,2,8.67E+00,6.94E+01,,,,,,,,,
750,10,9.22654,73.81232,2,9.23E+00,7.38E+01,,,,,,,,,
750,15,9.23268,73.86144,2,9.23E+00,7.39E+01,,,,,,,,,
750,20,9.238819,73.91055,2,9.24E+00,7.39E+01,,,,,,,,,
750,25,9.244958,73.95966,2,9.24E+00,7.40E+01,,,,,,,,,
750,30,9.251096,74.00877,2,9.25E+00,7.40E+01,,,,,,,,,
750,35,9.257233,74.05787,2,9.26E+00,7.41E+01,,,,,,,,,
750,40,9.263369,74.10695,2,9.26E+00,7.41E+01,,,,,,,,,
750,45,9.269502,74.15601,2,9.27E+00,7.42E+01,,,,,,,,,
750,50,9.275629,74.20503,2,9.28E+00,7.42E+01,,,,,,,,,
750,55,9.281747,74.25398,2,9.28E+00,7.43E+01,,,,,,,,,
750,60,9.287851,74.30281,2,9.29E+00,7.43E+01,,,,,,,,,
800,10,9.836563,78.6925,2,9.84E+00,7.87E+01,,,,,,,,,
800,15,9.843108,78.74486,2,9.84E+00,7.87E+01,,,,,,,,,
800,20,9.849653,78.79722,2,9.85E+00,7.88E+01,,,,,,,,,
800,25,9.856197,78.84957,2,9.86E+00,7.88E+01,,,,,,,,,
800,30,9.86274,78.90192,2,9.86E+00,7.89E+01,,,,,,,,,
800,35,9.869281,78.95425,2,9.87E+00,7.90E+01,,,,,,,,,
800,40,9.875819,79.00655,2,9.88E+00,7.90E+01,,,,,,,,,
800,45,9.882351,79.05881,2,9.88E+00,7.91E+01,,,,,,,,,
800,50,9.888873,79.11098,2,9.89E+00,7.91E+01,,,,,,,,,
800,55,9.895379,79.16303,2,9.90E+00,7.92E+01,,,,,,,,,
800,60,9.901858,79.21486,2,9.90E+00,7.92E+01,,,,,,,,,
850,10,10.44596,83.56764,2,1.04E+01,8.36E+01,,,,,,,,,
850,15,10.45291,83.62324,2,1.05E+01,8.36E+01,,,,,,,,,
850,20,10.45986,83.67884,2,1.05E+01,8.37E+01,,,,,,,,,
850,25,10.4668,83.73443,2,1.05E+01,8.37E+01,,,,,,,,,
850,30,10.47375,83.79,2,1.05E+01,8.38E+01,,,,,,,,,
850,35,10.48069,83.84554,2,1.05E+01,8.38E+01,,,,,,,,,
850,40,10.48763,83.90103,2,1.05E+01,8.39E+01,,,,,,,,,
850,45,10.49455,83.95643,2,1.05E+01,8.40E+01,,,,,,,,,
850,50,10.50146,84.01169,2,1.05E+01,8.40E+01,,,,,,,,,
850,55,10.50834,84.0667,2,1.05E+01,8.41E+01,,,,,,,,,
850,60,10.51517,84.12132,2,1.05E+01,8.41E+01,,,,,,,,,
900,10,11.05472,88.43775,2,1.11E+01,8.84E+01,,,,,,,,,
900,15,11.06207,88.49659,2,1.11E+01,8.85E+01,,,,,,,,,
900,20,11.06943,88.55542,2,1.11E+01,8.86E+01,,,,,,,,,
900,25,11.07678,88.61423,2,1.11E+01,8.86E+01,,,,,,,,,
900,30,11.08413,88.673,2,1.11E+01,8.87E+01,,,,,,,,,
900,35,11.09147,88.73172,2,1.11E+01,8.87E+01,,,,,,,,,
900,40,11.09879,88.79034,2,1.11E+01,8.88E+01,,,,,,,,,
900,45,11.1061,88.8488,2,1.11E+01,8.88E+01,,,,,,,,,
900,50,11.11337,88.90698,2,1.11E+01,8.89E+01,,,,,,,,,
900,55,11.12059,88.96471,2,1.11E+01,8.90E+01,,,,,,,,,
900,60,11.12772,89.02173,2,1.11E+01,8.90E+01,,,,,,,,,
950,10,11.66285,93.30284,2,1.17E+01,9.33E+01,,,,,,,,,
950,15,11.67061,93.3649,2,1.17E+01,9.34E+01,,,,,,,,,
950,20,11.67837,93.42694,2,1.17E+01,9.34E+01,,,,,,,,,
950,25,11.68612,93.48895,2,1.17E+01,9.35E+01,,,,,,,,,
950,30,11.69386,93.55089,2,1.17E+01,9.36E+01,,,,,,,,,
950,35,11.70159,93.61272,2,1.17E+01,9.36E+01,,,,,,,,,
950,40,11.7093,93.67437,2,1.17E+01,9.37E+01,,,,,,,,,
950,45,11.71696,93.7357,2,1.17E+01,9.37E+01,,,,,,,,,
950,50,11.72457,93.79653,2,1.17E+01,9.38E+01,,,,,,,,,
950,55,11.73207,93.85653,2,1.17E+01,9.39E+01,,,,,,,,,
950,60,11.7394,93.91522,2,1.17E+01,9.39E+01,,,,,,,,,
1000,10,12.27036,98.1629,2,1.23E+01,9.82E+01,,,,,,,,,
1000,15,12.27852,98.22817,2,1.23E+01,9.82E+01,,,,,,,,,
1000,20,12.28668,98.2934,2,1.23E+01,9.83E+01,,,,,,,,,
1000,25,12.29482,98.35856,2,1.23E+01,9.84E+01,,,,,,,,,
1000,30,12.30295,98.4236,2,1.23E+01,9.84E+01,,,,,,,,,
1000,35,12.31105,98.48843,2,1.23E+01,9.85E+01,,,,,,,,,
1000,40,12.31911,98.5529,2,1.23E+01,9.86E+01,,,,,,,,,
1000,45,12.3271,98.61679,2,1.23E+01,9.86E+01,,,,,,,,,
1000,50,12.33497,98.67972,2,1.23E+01,9.87E+01,,,,,,,,,
1000,55,12.34264,98.74115,2,1.23E+01,9.87E+01,,,,,,,,,
1000,60,12.35002,98.80019,2,1.24E+01,9.88E+01,,,,,,,,,
1050,10,12.87724,103.0179,2,1.29E+01,1.03E+02,,,,,,,,,
1050,15,12.8858,103.0864,2,1.29E+01,1.03E+02,,,,,,,,,
1050,20,12.89434,103.1548,2,1.29E+01,1.03E+02,,,,,,,,,
1050,25,12.90287,103.223,2,1.29E+01,1.03E+02,,,,,,,,,
1050,30,12.91137,103.291,2,1.29E+01,1.03E+02,,,,,,,,,
1050,35,12.91982,103.3586,2,1.29E+01,1.03E+02,,,,,,,,,
1050,40,12.92819,103.4255,2,1.29E+01,1.03E+02,,,,,,,,,
1050,45,12.93641,103.4913,2,1.29E+01,1.03E+02,,,,,,,,,
1050,50,12.94442,103.5554,2,1.29E+01,1.04E+02,,,,,,,,,
1050,55,12.95208,103.6167,2,1.30E+01,1.04E+02,,,,,,,,,
1050,60,12.9592,103.6736,2,1.30E+01,1.04E+02,,,,,,,,,
1100,10,13.48349,107.8679,2,1.35E+01,1.08E+02,,,,,,,,,
1100,15,13.49243,107.9395,2,1.35E+01,1.08E+02,,,,,,,,,
1100,20,13.50136,108.0109,2,1.35E+01,1.08E+02,,,,,,,,,
1100,25,13.51026,108.0821,2,1.35E+01,1.08E+02,,,,,,,,,
1100,30,13.51909,108.1527,2,1.35E+01,1.08E+02,,,,,,,,,
1100,35,13.52783,108.2227,2,1.35E+01,1.08E+02,,,,,,,,,
1100,40,13.53641,108.2913,2,1.35E+01,1.08E+02,,,,,,,,,
1100,45,13.54474,108.3579,2,1.35E+01,1.08E+02,,,,,,,,,
1100,50,13.55265,108.4212,2,1.36E+01,1.08E+02,,,,,,,,,
1100,55,13.55994,108.4795,2,1.36E+01,1.08E+02,,,,,,,,,
1100,60,13.56624,108.53,2,1.36E+01,1.09E+02,,,,,,,,,
1150,10,14.08909,112.7128,2,1.41E+01,1.13E+02,,,,,,,,,
1150,15,14.09842,112.7874,2,1.41E+01,1.13E+02,,,,,,,,,
1150,20,14.10771,112.8617,2,1.41E+01,1.13E+02,,,,,,,,,
1150,25,14.11693,112.9354,2,1.41E+01,1.13E+02,,,,,,,,,
1150,30,14.12603,113.0083,2,1.41E+01,1.13E+02,,,,,,,,,
1150,35,14.13496,113.0797,2,1.41E+01,1.13E+02,,,,,,,,,
1150,40,14.14358,113.1486,2,1.41E+01,1.13E+02,,,,,,,,,
1150,45,14.15173,113.2138,2,1.42E+01,1.13E+02,,,,,,,,,
1150,50,14.15913,113.273,2,1.42E+01,1.13E+02,,,,,,,,,
1150,55,14.16537,113.323,2,1.42E+01,1.13E+02,,,,,,,,,
1150,60,14.16987,113.359,2,1.42E+01,1.13E+02,,,,,,,,,
1200,10,14.69405,117.5524,2,1.47E+01,1.18E+02,,,,,,,,,
1200,15,14.70372,117.6298,2,1.47E+01,1.18E+02,,,,,,,,,
1200,20,14.71332,117.7066,2,1.47E+01,1.18E+02,,,,,,,,,
1200,25,14.72279,117.7824,2,1.47E+01,1.18E+02,,,,,,,,,
1200,30,14.73205,117.8564,2,1.47E+01,1.18E+02,,,,,,,,,
1200,35,14.74095,117.9276,2,1.47E+01,1.18E+02,,,,,,,,,
1200,40,14.74929,117.9943,2,1.47E+01,1.18E+02,,,,,,,,,
1200,45,14.75675,118.054,2,1.48E+01,1.18E+02,,,,,,,,,
1200,50,14.76284,118.1027,2,1.48E+01,1.18E+02,,,,,,,,,
1200,55,14.76685,118.1348,2,1.48E+01,1.18E+02,,,,,,,,,
1200,60,14.76781,118.1424,2,1.48E+01,1.18E+02,,,,,,,,,
1250,10,15.29831,122.3865,2,1.53E+01,1.22E+02,,,,,,,,,
1250,15,15.30829,122.4663,2,1.53E+01,1.22E+02,,,,,,,,,
1250,20,15.31811,122.5449,2,1.53E+01,1.23E+02,,,,,,,,,
1250,25,15.32768,122.6215,2,1.53E+01,1.23E+02,,,,,,,,,
1250,30,15.33684,122.6947,2,1.53E+01,1.23E+02,,,,,,,,,
1250,35,15.34533,122.7627,2,1.53E+01,1.23E+02,,,,,,,,,
1250,40,15.35277,122.8222,2,1.54E+01,1.23E+02,,,,,,,,,
1250,45,15.35859,122.8687,2,1.54E+01,1.23E+02,,,,,,,,,
1250,50,15.36194,122.8955,2,1.54E+01,1.23E+02,,,,,,,,,
1250,55,15.36164,122.8931,2,1.54E+01,1.23E+02,,,,,,,,,
1250,60,15.35609,122.8487,2,1.54E+01,1.23E+02,,,,,,,,,
100,10,0.6195547,4.956437,2,6.20E-01,4.96E+00,,,,,,,,,
100,15,0.6199669,4.959735,2,6.20E-01,4.96E+00,,,,,,,,,
100,20,0.6203792,4.963033,2,6.20E-01,4.96E+00,,,,,,,,,
100,25,0.6207915,4.966332,2,6.21E-01,4.97E+00,,,,,,,,,
100,30,0.6212037,4.96963,2,6.21E-01,4.97E+00,,,,,,,,,
100,35,0.621616,4.972928,2,6.22E-01,4.97E+00,,,,,,,,,
100,40,0.6220283,4.976226,2,6.22E-01,4.98E+00,,,,,,,,,
100,45,0.6224405,4.979524,2,6.22E-01,4.98E+00,,,,,,,,,
100,50,0.6228528,4.982822,2,6.23E-01,4.98E+00,,,,,,,,,
100,55,0.6232651,4.98612,2,6.23E-01,4.99E+00,,,,,,,,,
100,60,0.6236773,4.989419,2,6.24E-01,4.99E+00,,,,,,,,,
150,10,0.9290695,7.432556,2,9.29E-01,7.43E+00,,,,,,,,,
150,15,0.9296877,7.437502,2,9.30E-01,7.44E+00,,,,,,,,,
150,20,0.9303059,7.442447,2,9.30E-01,7.44E+00,,,,,,,,,
150,25,0.9309242,7.447393,2,9.31E-01,7.45E+00,,,,,,,,,
150,30,0.9315424,7.452339,2,9.32E-01,7.45E+00,,,,,,,,,
150,35,0.9321606,7.457285,2,9.32E-01,7.46E+00,,,,,,,,,
150,40,0.9327788,7.462231,2,9.33E-01,7.46E+00,,,,,,,,,
150,45,0.9333971,7.467176,2,9.33E-01,7.47E+00,,,,,,,,,
150,50,0.9340153,7.472122,2,9.34E-01,7.47E+00,,,,,,,,,
150,55,0.9346335,7.477068,2,9.35E-01,7.48E+00,,,,,,,,,
150,60,0.9352517,7.482014,2,9.35E-01,7.48E+00,,,,,,,,,
200,10,1.23841,9.907276,2,1.24E+00,9.91E+00,,,,,,,,,
200,15,1.239234,9.913869,2,1.24E+00,9.91E+00,,,,,,,,,
200,20,1.240058,9.920461,2,1.24E+00,9.92E+00,,,,,,,,,
200,25,1.240882,9.927054,2,1.24E+00,9.93E+00,,,,,,,,,
200,30,1.241706,9.933646,2,1.24E+00,9.93E+00,,,,,,,,,
200,35,1.24253,9.940239,2,1.24E+00,9.94E+00,,,,,,,,,
200,40,1.243354,9.946831,2,1.24E+00,9.95E+00,,,,,,,,,
200,45,1.244178,9.953424,2,1.24E+00,9.95E+00,,,,,,,,,
200,50,1.245002,9.960016,2,1.25E+00,9.96E+00,,,,,,,,,
200,55,1.245826,9.966609,2,1.25E+00,9.97E+00,,,,,,,,,
200,60,1.24665,9.973201,2,1.25E+00,9.97E+00,,,,,,,,,
250,10,1.547575,12.3806,2,1.55E+00,1.24E+01,,,,,,,,,
250,15,1.548605,12.38884,2,1.55E+00,1.24E+01,,,,,,,,,
250,20,1.549634,12.39708,2,1.55E+00,1.24E+01,,,,,,,,,
250,25,1.550664,12.40531,2,1.55E+00,1.24E+01,,,,,,,,,
250,30,1.551694,12.41355,2,1.55E+00,1.24E+01,,,,,,,,,
250,35,1.552724,12.42179,2,1.55E+00,1.24E+01,,,,,,,,,
250,40,1.553754,12.43003,2,1.55E+00,1.24E+01,,,,,,,,,
250,45,1.554783,12.43827,2,1.55E+00,1.24E+01,,,,,,,,,
250,50,1.555813,12.44651,2,1.56E+00,1.24E+01,,,,,,,,,
250,55,1.556843,12.45474,2,1.56E+00,1.25E+01,,,,,,,,,
250,60,1.557873,12.46298,2,1.56E+00,1.25E+01,,,,,,,,,
300,10,1.856566,14.85253,2,1.86E+00,1.49E+01,,,,,,,,,
300,15,1.857801,14.86241,2,1.86E+00,1.49E+01,,,,,,,,,
300,20,1.859037,14.87229,2,1.86E+00,1.49E+01,,,,,,,,,
300,25,1.860272,14.88218,2,1.86E+00,1.49E+01,,,,,,,,,
300,30,1.861507,14.89206,2,1.86E+00,1.49E+01,,,,,,,,,
300,35,1.862743,14.90194,2,1.86E+00,1.49E+01,,,,,,,,,
300,40,1.863978,14.91183,2,1.86E+00,1.49E+01,,,,,,,,,
300,45,1.865214,14.92171,2,1.87E+00,1.49E+01,,,,,,,,,
300,50,1.866449,14.93159,2,1.87E+00,1.49E+01,,,,,,,,,
300,55,1.867684,14.94148,2,1.87E+00,1.49E+01,,,,,,,,,
300,60,1.86892,14.95136,2,1.87E+00,1.50E+01,,,,,,,,,
350,10,2.165382,17.32306,2,2.17E+00,1.73E+01,,,,,,,,,
350,15,2.166823,17.33459,2,2.17E+00,1.73E+01,,,,,,,,,
350,20,2.168264,17.34611,2,2.17E+00,1.73E+01,,,,,,,,,
350,25,2.169705,17.35764,2,2.17E+00,1.74E+01,,,,,,,,,
350,30,2.171146,17.36917,2,2.17E+00,1.74E+01,,,,,,,,,
350,35,2.172587,17.38069,2,2.17E+00,1.74E+01,,,,,,,,,
350,40,2.174028,17.39222,2,2.17E+00,1.74E+01,,,,,,,,,
350,45,2.175469,17.40375,2,2.18E+00,1.74E+01,,,,,,,,,
350,50,2.176909,17.41528,2,2.18E+00,1.74E+01,,,,,,,,,
350,55,2.17835,17.4268,2,2.18E+00,1.74E+01,,,,,,,,,
350,60,2.179791,17.43833,2,2.18E+00,1.74E+01,,,,,,,,,
400,10,2.474025,19.7922,2,2.47E+00,1.98E+01,,,,,,,,,
400,15,2.475671,19.80537,2,2.48E+00,1.98E+01,,,,,,,,,
400,20,2.477317,19.81854,2,2.48E+00,1.98E+01,,,,,,,,,
400,25,2.478963,19.83171,2,2.48E+00,1.98E+01,,,,,,,,,
400,30,2.48061,19.84488,2,2.48E+00,1.98E+01,,,,,,,,,
400,35,2.482256,19.85805,2,2.48E+00,1.99E+01,,,,,,,,,
400,40,2.483902,19.87122,2,2.48E+00,1.99E+01,,,,,,,,,
400,45,2.485549,19.88439,2,2.49E+00,1.99E+01,,,,,,,,,
400,50,2.487195,19.89756,2,2.49E+00,1.99E+01,,,,,,,,,
400,55,2.488841,19.91073,2,2.49E+00,1.99E+01,,,,,,,,,
400,60,2.490487,19.9239,2,2.49E+00,1.99E+01,,,,,,,,,
450,10,2.782493,22.25994,2,2.78E+00,2.23E+01,,,,,,,,,
450,15,2.784344,22.27476,2,2.78E+00,2.23E+01,,,,,,,,,
450,20,2.786196,22.28957,2,2.79E+00,2.23E+01,,,,,,,,,
450,25,2.788047,22.30438,2,2.79E+00,2.23E+01,,,,,,,,,
450,30,2.789899,22.31919,2,2.79E+00,2.23E+01,,,,,,,,,
450,35,2.791751,22.334,2,2.79E+00,2.23E+01,,,,,,,,,
450,40,2.793602,22.34882,2,2.79E+00,2.23E+01,,,,,,,,,
450,45,2.795454,22.36363,2,2.80E+00,2.24E+01,,,,,,,,,
450,50,2.797305,22.37844,2,2.80E+00,2.24E+01,,,,,,,,,
450,55,2.799157,22.39325,2,2.80E+00,2.24E+01,,,,,,,,,
450,60,2.801008,22.40807,2,2.80E+00,2.24E+01,,,,,,,,,
500,10,3.090787,24.7263,2,3.09E+00,2.47E+01,,,,,,,,,
500,15,3.092844,24.74275,2,3.09E+00,2.47E+01,,,,,,,,,
500,20,3.094901,24.7592,2,3.09E+00,2.48E+01,,,,,,,,,
500,25,3.096957,24.77566,2,3.10E+00,2.48E+01,,,,,,,,,
500,30,3.099014,24.79211,2,3.10E+00,2.48E+01,,,,,,,,,
500,35,3.101071,24.80856,2,3.10E+00,2.48E+01,,,,,,,,,
500,40,3.103127,24.82502,2,3.10E+00,2.48E+01,,,,,,,,,
500,45,3.105184,24.84147,2,3.11E+00,2.48E+01,,,,,,,,,
500,50,3.107241,24.85793,2,3.11E+00,2.49E+01,,,,,,,,,
500,55,3.109297,24.87438,2,3.11E+00,2.49E+01,,,,,,,,,
500,60,3.111354,24.89083,2,3.11E+00,2.49E+01,,,,,,,,,
550,10,3.398908,27.19126,2,3.40E+00,2.72E+01,,,,,,,,,
550,15,3.401169,27.20936,2,3.40E+00,2.72E+01,,,,,,,,,
550,20,3.403431,27.22745,2,3.40E+00,2.72E+01,,,,,,,,,
550,25,3.405693,27.24554,2,3.41E+00,2.72E+01,,,,,,,,,
550,30,3.407955,27.26364,2,3.41E+00,2.73E+01,,,,,,,,,
550,35,3.410216,27.28173,2,3.41E+00,2.73E+01,,,,,,,,,
550,40,3.412478,27.29982,2,3.41E+00,2.73E+01,,,,,,,,,
550,45,3.41474,27.31792,2,3.41E+00,2.73E+01,,,,,,,,,
550,50,3.417001,27.33601,2,3.42E+00,2.73E+01,,,,,,,,,
550,55,3.419263,27.3541,2,3.42E+00,2.74E+01,,,,,,,,,
550,60,3.421525,27.3722,2,3.42E+00,2.74E+01,,,,,,,,,
600,10,3.706855,29.65484,2,3.71E+00,2.97E+01,,,,,,,,,
600,15,3.709321,29.67457,2,3.71E+00,2.97E+01,,,,,,,,,
600,20,3.711788,29.6943,2,3.71E+00,2.97E+01,,,,,,,,,
600,25,3.714255,29.71404,2,3.71E+00,2.97E+01,,,,,,,,,
600,30,3.716721,29.73377,2,3.72E+00,2.97E+01,,,,,,,,,
600,35,3.719188,29.7535,2,3.72E+00,2.98E+01,,,,,,,,,
600,40,3.721654,29.77324,2,3.72E+00,2.98E+01,,,,,,,,,
600,45,3.724121,29.79297,2,3.72E+00,2.98E+01,,,,,,,,,
600,50,3.726588,29.8127,2,3.73E+00,2.98E+01,,,,,,,,,
600,55,3.729054,29.83243,2,3.73E+00,2.98E+01,,,,,,,,,
600,60,3.731521,29.85217,2,3.73E+00,2.99E+01,,,,,,,,,
650,10,4.014628,32.11703,2,4.01E+00,3.21E+01,,,,,,,,,
650,15,4.0173,32.1384,2,4.02E+00,3.21E+01,,,,,,,,,
650,20,4.019971,32.15977,2,4.02E+00,3.22E+01,,,,,,,,,
650,25,4.022642,32.18114,2,4.02E+00,3.22E+01,,,,,,,,,
650,30,4.025314,32.20251,2,4.03E+00,3.22E+01,,,,,,,,,
650,35,4.027985,32.22388,2,4.03E+00,3.22E+01,,,,,,,,,
650,40,4.030657,32.24525,2,4.03E+00,3.22E+01,,,,,,,,,
650,45,4.033328,32.26663,2,4.03E+00,3.23E+01,,,,,,,,,
650,50,4.036,32.288,2,4.04E+00,3.23E+01,,,,,,,,,
650,55,4.038671,32.30937,2,4.04E+00,3.23E+01,,,,,,,,,
650,60,4.041342,32.33074,2,4.04E+00,3.23E+01,,,,,,,,,
700,10,4.322228,34.57783,2,4.32E+00,3.46E+01,,,,,,,,,
700,15,4.325104,34.60084,2,4.33E+00,3.46E+01,,,,,,,,,
700,20,4.327981,34.62384,2,4.33E+00,3.46E+01,,,,,,,,,
700,25,4.330857,34.64685,2,4.33E+00,3.46E+01,,,,,,,,,
700,30,4.333733,34.66986,2,4.33E+00,3.47E+01,,,,,,,,,
700,35,4.336609,34.69287,2,4.34E+00,3.47E+01,,,,,,,,,
700,40,4.339485,34.71588,2,4.34E+00,3.47E+01,,,,,,,,,
700,45,4.342361,34.73889,2,4.34E+00,3.47E+01,,,,,,,,,
700,50,4.345237,34.7619,2,4.35E+00,3.48E+01,,,,,,,,,
700,55,4.348113,34.78491,2,4.35E+00,3.48E+01,,,,,,,,,
700,60,4.350989,34.80791,2,4.35E+00,3.48E+01,,,,,,,,,
750,10,4.629655,37.03724,2,4.63E+00,3.70E+01,,,,,,,,,
750,15,4.632736,37.06189,2,4.63E+00,3.71E+01,,,,,,,,,
750,20,4.635817,37.08653,2,4.64E+00,3.71E+01,,,,,,,,,
750,25,4.638897,37.11118,2,4.64E+00,3.71E+01,,,,,,,,,
750,30,4.641978,37.13582,2,4.64E+00,3.71E+01,,,,,,,,,
750,35,4.645059,37.16047,2,4.65E+00,3.72E+01,,,,,,,,,
750,40,4.648139,37.18511,2,4.65E+00,3.72E+01,,,,,,,,,
750,45,4.65122,37.20976,2,4.65E+00,3.72E+01,,,,,,,,,
750,50,4.654301,37.2344,2,4.65E+00,3.72E+01,,,,,,,,,
750,55,4.657381,37.25905,2,4.66E+00,3.73E+01,,,,,,,,,
750,60,4.660462,37.28369,2,4.66E+00,3.73E+01,,,,,,,,,
800,10,4.936909,39.49527,2,4.94E+00,3.95E+01,,,,,,,,,
800,15,4.940194,39.52155,2,4.94E+00,3.95E+01,,,,,,,,,
800,20,4.943479,39.54784,2,4.94E+00,3.95E+01,,,,,,,,,
800,25,4.946765,39.57412,2,4.95E+00,3.96E+01,,,,,,,,,
800,30,4.95005,39.6004,2,4.95E+00,3.96E+01,,,,,,,,,
800,35,4.953335,39.62668,2,4.95E+00,3.96E+01,,,,,,,,,
800,40,4.95662,39.65296,2,4.96E+00,3.97E+01,,,,,,,,,
800,45,4.959905,39.67924,2,4.96E+00,3.97E+01,,,,,,,,,
800,50,4.96319,39.70552,2,4.96E+00,3.97E+01,,,,,,,,,
800,55,4.966475,39.7318,2,4.97E+00,3.97E+01,,,,,,,,,
800,60,4.96976,39.75808,2,4.97E+00,3.98E+01,,,,,,,,,
850,10,5.24399,41.95192,2,5.24E+00,4.20E+01,,,,,,,,,
850,15,5.24748,41.97984,2,5.25E+00,4.20E+01,,,,,,,,,
850,20,5.250969,42.00775,2,5.25E+00,4.20E+01,,,,,,,,,
850,25,5.254459,42.03567,2,5.25E+00,4.20E+01,,,,,,,,,
850,30,5.257948,42.06359,2,5.26E+00,4.21E+01,,,,,,,,,
850,35,5.261438,42.0915,2,5.26E+00,4.21E+01,,,,,,,,,
850,40,5.264927,42.11942,2,5.26E+00,4.21E+01,,,,,,,,,
850,45,5.268416,42.14733,2,5.27E+00,4.21E+01,,,,,,,,,
850,50,5.271906,42.17525,2,5.27E+00,4.22E+01,,,,,,,,,
850,55,5.275395,42.20316,2,5.28E+00,4.22E+01,,,,,,,,,
850,60,5.278884,42.23107,2,5.28E+00,4.22E+01,,,,,,,,,
900,10,5.550899,44.40719,2,5.55E+00,4.44E+01,,,,,,,,,
900,15,5.554592,44.43674,2,5.55E+00,4.44E+01,,,,,,,,,
900,20,5.558286,44.46629,2,5.56E+00,4.45E+01,,,,,,,,,
900,25,5.56198,44.49584,2,5.56E+00,4.45E+01,,,,,,,,,
900,30,5.565673,44.52539,2,5.57E+00,4.45E+01,,,,,,,,,
900,35,5.569367,44.55494,2,5.57E+00,4.46E+01,,,,,,,,,
900,40,5.573061,44.58449,2,5.57E+00,4.46E+01,,,,,,,,,
900,45,5.576754,44.61403,2,5.58E+00,4.46E+01,,,,,,,,,
900,50,5.580448,44.64358,2,5.58E+00,4.46E+01,,,,,,,,,
900,55,5.584141,44.67313,2,5.58E+00,4.47E+01,,,,,,,,,
900,60,5.587834,44.70267,2,5.59E+00,4.47E+01,,,,,,,,,
950,10,5.857634,46.86107,2,5.86E+00,4.69E+01,,,,,,,,,
950,15,5.861532,46.89226,2,5.86E+00,4.69E+01,,,,,,,,,
950,20,5.86543,46.92344,2,5.87E+00,4.69E+01,,,,,,,,,
950,25,5.869328,46.95462,2,5.87E+00,4.70E+01,,,,,,,,,
950,30,5.873225,46.9858,2,5.87E+00,4.70E+01,,,,,,,,,
950,35,5.877123,47.01699,2,5.88E+00,4.70E+01,,,,,,,,,
950,40,5.881021,47.04817,2,5.88E+00,4.70E+01,,,,,,,,,
950,45,5.884919,47.07935,2,5.88E+00,4.71E+01,,,,,,,,,
950,50,5.888816,47.11053,2,5.89E+00,4.71E+01,,,,,,,,,
950,55,5.892713,47.14171,2,5.89E+00,4.71E+01,,,,,,,,,
950,60,5.89661,47.17288,2,5.90E+00,4.72E+01,,,,,,,,,
1000,10,6.164198,49.31358,2,6.16E+00,4.93E+01,,,,,,,,,
1000,15,6.168299,49.34639,2,6.17E+00,4.93E+01,,,,,,,,,
1000,20,6.172401,49.37921,2,6.17E+00,4.94E+01,,,,,,,,,
1000,25,6.176503,49.41202,2,6.18E+00,4.94E+01,,,,,,,,,
1000,30,6.180605,49.44484,2,6.18E+00,4.94E+01,,,,,,,,,
1000,35,6.184706,49.47765,2,6.18E+00,4.95E+01,,,,,,,,,
1000,40,6.188808,49.51046,2,6.19E+00,4.95E+01,,,,,,,,,
1000,45,6.19291,49.54328,2,6.19E+00,4.95E+01,,,,,,,,,
1000,50,6.197011,49.57609,2,6.20E+00,4.96E+01,,,,,,,,,
1000,55,6.201112,49.6089,2,6.20E+00,4.96E+01,,,,,,,,,
1000,60,6.205213,49.6417,2,6.21E+00,4.96E+01,,,,,,,,,
1050,10,6.470588,51.76471,2,6.47E+00,5.18E+01,,,,,,,,,
1050,15,6.474894,51.79915,2,6.47E+00,5.18E+01,,,,,,,,,
1050,20,6.4792,51.8336,2,6.48E+00,5.18E+01,,,,,,,,,
1050,25,6.483505,51.86804,2,6.48E+00,5.19E+01,,,,,,,,,
1050,30,6.487811,51.90249,2,6.49E+00,5.19E+01,,,,,,,,,
1050,35,6.492117,51.93693,2,6.49E+00,5.19E+01,,,,,,,,,
1050,40,6.496422,51.97138,2,6.50E+00,5.20E+01,,,,,,,,,
1050,45,6.500728,52.00582,2,6.50E+00,5.20E+01,,,,,,,,,
1050,50,6.505033,52.04026,2,6.51E+00,5.20E+01,,,,,,,,,
1050,55,6.509337,52.0747,2,6.51E+00,5.21E+01,,,,,,,,,
1050,60,6.513641,52.10913,2,6.51E+00,5.21E+01,,,,,,,,,
1100,10,6.776807,54.21446,2,6.78E+00,5.42E+01,,,,,,,,,
1100,15,6.781317,54.25053,2,6.78E+00,5.43E+01,,,,,,,,,
1100,20,6.785826,54.28661,2,6.79E+00,5.43E+01,,,,,,,,,
1100,25,6.790336,54.32268,2,6.79E+00,5.43E+01,,,,,,,,,
1100,30,6.794845,54.35876,2,6.79E+00,5.44E+01,,,,,,,,,
1100,35,6.799354,54.39483,2,6.80E+00,5.44E+01,,,,,,,,,
1100,40,6.803863,54.43091,2,6.80E+00,5.44E+01,,,,,,,,,
1100,45,6.808372,54.46698,2,6.81E+00,5.45E+01,,,,,,,,,
1100,50,6.812881,54.50305,2,6.81E+00,5.45E+01,,,,,,,,,
1100,55,6.817389,54.53911,2,6.82E+00,5.45E+01,,,,,,,,,
1100,60,6.821896,54.57517,2,6.82E+00,5.46E+01,,,,,,,,,
1150,10,7.082854,56.66283,2,7.08E+00,5.67E+01,,,,,,,,,
1150,15,7.087567,56.70054,2,7.09E+00,5.67E+01,,,,,,,,,
1150,20,7.09228,56.73824,2,7.09E+00,5.67E+01,,,,,,,,,
1150,25,7.096993,56.77595,2,7.10E+00,5.68E+01,,,,,,,,,
1150,30,7.101706,56.81365,2,7.10E+00,5.68E+01,,,,,,,,,
1150,35,7.106419,56.85135,2,7.11E+00,5.69E+01,,,,,,,,,
1150,40,7.111132,56.88905,2,7.11E+00,5.69E+01,,,,,,,,,
1150,45,7.115844,56.92675,2,7.12E+00,5.69E+01,,,,,,,,,
1150,50,7.120556,56.96445,2,7.12E+00,5.70E+01,,,,,,,,,
1150,55,7.125267,57.00214,2,7.13E+00,5.70E+01,,,,,,,,,
1150,60,7.129976,57.03981,2,7.13E+00,5.70E+01,,,,,,,,,
1200,10,7.388729,59.10983,2,7.39E+00,5.91E+01,,,,,,,,,
1200,15,7.393646,59.14916,2,7.39E+00,5.91E+01,,,,,,,,,
1200,20,7.398562,59.1885,2,7.40E+00,5.92E+01,,,,,,,,,
1200,25,7.403479,59.22783,2,7.40E+00,5.92E+01,,,,,,,,,
1200,30,7.408395,59.26716,2,7.41E+00,5.93E+01,,,,,,,,,
1200,35,7.413312,59.30649,2,7.41E+00,5.93E+01,,,,,,,,,
1200,40,7.418228,59.34582,2,7.42E+00,5.93E+01,,,,,,,,,
1200,45,7.423143,59.38515,2,7.42E+00,5.94E+01,,,,,,,,,
1200,50,7.428058,59.42447,2,7.43E+00,5.94E+01,,,,,,,,,
1200,55,7.432972,59.46377,2,7.43E+00,5.95E+01,,,,,,,,,
1200,60,7.437883,59.50307,2,7.44E+00,5.95E+01,,,,,,,,,
1250,10,7.694432,61.55546,2,7.69E+00,6.16E+01,,,,,,,,,
1250,15,7.699552,61.59642,2,7.70E+00,6.16E+01,,,,,,,,,
1250,20,7.704672,61.63738,2,7.70E+00,6.16E+01,,,,,,,,,
1250,25,7.709792,61.67834,2,7.71E+00,6.17E+01,,,,,,,,,
1250,30,7.714912,61.7193,2,7.71E+00,6.17E+01,,,,,,,,,
1250,35,7.720032,61.76025,2,7.72E+00,6.18E+01,,,,,,,,,
1250,40,7.725151,61.80121,2,7.73E+00,6.18E+01,,,,,,,,,
1250,45,7.730269,61.84216,2,7.73E+00,6.18E+01,,,,,,,,,
1250,50,7.735387,61.8831,2,7.74E+00,6.19E+01,,,,,,,,,
1250,55,7.740503,61.92402,2,7.74E+00,6.19E+01,,,,,,,,,
1250,60,7.745616,61.96492,2,7.75E+00,6.20E+01,,,,,,,,,
100,10,1.856766,14.85413,3,1.86E+00,1.49E+01,,,,,,,,,
100,15,1.858002,14.86401,3,1.86E+00,1.49E+01,,,,,,,,,
100,20,1.859237,14.8739,3,1.86E+00,1.49E+01,,,,,,,,,
100,25,1.860473,14.88378,3,1.86E+00,1.49E+01,,,,,,,,,
100,30,1.861708,14.89367,3,1.86E+00,1.49E+01,,,,,,,,,
100,35,1.862944,14.90355,3,1.86E+00,1.49E+01,,,,,,,,,
100,40,1.864179,14.91343,3,1.86E+00,1.49E+01,,,,,,,,,
100,45,1.865415,14.92332,3,1.87E+00,1.49E+01,,,,,,,,,
100,50,1.86665,14.9332,3,1.87E+00,1.49E+01,,,,,,,,,
100,55,1.867886,14.94309,3,1.87E+00,1.49E+01,,,,,,,,,
100,60,1.869121,14.95297,3,1.87E+00,1.50E+01,,,,,,,,,
150,10,2.782948,22.26358,3,2.78E+00,2.23E+01,,,,,,,,,
150,15,2.7848,22.2784,3,2.78E+00,2.23E+01,,,,,,,,,
150,20,2.786651,22.29321,3,2.79E+00,2.23E+01,,,,,,,,,
150,25,2.788503,22.30803,3,2.79E+00,2.23E+01,,,,,,,,,
150,30,2.790355,22.32284,3,2.79E+00,2.23E+01,,,,,,,,,
150,35,2.792207,22.33766,3,2.79E+00,2.23E+01,,,,,,,,,
150,40,2.794059,22.35247,3,2.79E+00,2.24E+01,,,,,,,,,
150,45,2.795911,22.36729,3,2.80E+00,2.24E+01,,,,,,,,,
150,50,2.797762,22.3821,3,2.80E+00,2.24E+01,,,,,,,,,
150,55,2.799614,22.39691,3,2.80E+00,2.24E+01,,,,,,,,,
150,60,2.801466,22.41173,3,2.80E+00,2.24E+01,,,,,,,,,
200,10,3.707667,29.66133,3,3.71E+00,2.97E+01,,,,,,,,,
200,15,3.710134,29.68107,3,3.71E+00,2.97E+01,,,,,,,,,
200,20,3.712601,29.70081,3,3.71E+00,2.97E+01,,,,,,,,,
200,25,3.715068,29.72055,3,3.72E+00,2.97E+01,,,,,,,,,
200,30,3.717535,29.74028,3,3.72E+00,2.97E+01,,,,,,,,,
200,35,3.720002,29.76002,3,3.72E+00,2.98E+01,,,,,,,,,
200,40,3.72247,29.77976,3,3.72E+00,2.98E+01,,,,,,,,,
200,45,3.724937,29.79949,3,3.72E+00,2.98E+01,,,,,,,,,
200,50,3.727404,29.81923,3,3.73E+00,2.98E+01,,,,,,,,,
200,55,3.729871,29.83897,3,3.73E+00,2.98E+01,,,,,,,,,
200,60,3.732338,29.8587,3,3.73E+00,2.99E+01,,,,,,,,,
250,10,4.630926,37.04741,3,4.63E+00,3.70E+01,,,,,,,,,
250,15,4.634008,37.07206,3,4.63E+00,3.71E+01,,,,,,,,,
250,20,4.637089,37.09671,3,4.64E+00,3.71E+01,,,,,,,,,
250,25,4.640171,37.12137,3,4.64E+00,3.71E+01,,,,,,,,,
250,30,4.643252,37.14602,3,4.64E+00,3.71E+01,,,,,,,,,
250,35,4.646334,37.17067,3,4.65E+00,3.72E+01,,,,,,,,,
250,40,4.649415,37.19532,3,4.65E+00,3.72E+01,,,,,,,,,
250,45,4.652497,37.21997,3,4.65E+00,3.72E+01,,,,,,,,,
250,50,4.655578,37.24462,3,4.66E+00,3.72E+01,,,,,,,,,
250,55,4.658659,37.26927,3,4.66E+00,3.73E+01,,,,,,,,,
250,60,4.66174,37.29392,3,4.66E+00,3.73E+01,,,,,,,,,
300,10,5.55273,44.42184,3,5.55E+00,4.44E+01,,,,,,,,,
300,15,5.556424,44.4514,3,5.56E+00,4.45E+01,,,,,,,,,
300,20,5.560119,44.48095,3,5.56E+00,4.45E+01,,,,,,,,,
300,25,5.563814,44.51051,3,5.56E+00,4.45E+01,,,,,,,,,
300,30,5.567509,44.54007,3,5.57E+00,4.45E+01,,,,,,,,,
300,35,5.571204,44.56963,3,5.57E+00,4.46E+01,,,,,,,,,
300,40,5.574899,44.59919,3,5.57E+00,4.46E+01,,,,,,,,,
300,45,5.578593,44.62874,3,5.58E+00,4.46E+01,,,,,,,,,
300,50,5.582287,44.6583,3,5.58E+00,4.47E+01,,,,,,,,,
300,55,5.58598,44.68784,3,5.59E+00,4.47E+01,,,,,,,,,
300,60,5.589673,44.71738,3,5.59E+00,4.47E+01,,,,,,,,,
350,10,6.47308,51.78464,3,6.47E+00,5.18E+01,,,,,,,,,
350,15,6.477388,51.8191,3,6.48E+00,5.18E+01,,,,,,,,,
350,20,6.481695,51.85356,3,6.48E+00,5.19E+01,,,,,,,,,
350,25,6.486002,51.88802,3,6.49E+00,5.19E+01,,,,,,,,,
350,30,6.490309,51.92247,3,6.49E+00,5.19E+01,,,,,,,,,
350,35,6.494616,51.95693,3,6.49E+00,5.20E+01,,,,,,,,,
350,40,6.498923,51.99138,3,6.50E+00,5.20E+01,,,,,,,,,
350,45,6.503228,52.02583,3,6.50E+00,5.20E+01,,,,,,,,,
350,50,6.507533,52.06026,3,6.51E+00,5.21E+01,,,,,,,,,
350,55,6.511835,52.09468,3,6.51E+00,5.21E+01,,,,,,,,,
350,60,6.516133,52.12907,3,6.52E+00,5.21E+01,,,,,,,,,
400,10,7.391982,59.13586,3,7.39E+00,5.91E+01,,,,,,,,,
400,15,7.396901,59.17521,3,7.40E+00,5.92E+01,,,,,,,,,
400,20,7.401819,59.21456,3,7.40E+00,5.92E+01,,,,,,,,,
400,25,7.406738,59.2539,3,7.41E+00,5.93E+01,,,,,,,,,
400,30,7.411656,59.29324,3,7.41E+00,5.93E+01,,,,,,,,,
400,35,7.416573,59.33258,3,7.42E+00,5.93E+01,,,,,,,,,
400,40,7.421488,59.3719,3,7.42E+00,5.94E+01,,,,,,,,,
400,45,7.426401,59.41121,3,7.43E+00,5.94E+01,,,,,,,,,
400,50,7.43131,59.45048,3,7.43E+00,5.95E+01,,,,,,,,,
400,55,7.436212,59.48969,3,7.44E+00,5.95E+01,,,,,,,,,
400,60,7.441102,59.52881,3,7.44E+00,5.95E+01,,,,,,,,,
450,10,8.309438,66.4755,3,8.31E+00,6.65E+01,,,,,,,,,
450,15,8.314967,66.51973,3,8.31E+00,6.65E+01,,,,,,,,,
450,20,8.320495,66.56396,3,8.32E+00,6.66E+01,,,,,,,,,
450,25,8.326022,66.60818,3,8.33E+00,6.66E+01,,,,,,,,,
450,30,8.331548,66.65238,3,8.33E+00,6.67E+01,,,,,,,,,
450,35,8.33707,66.69656,3,8.34E+00,6.67E+01,,,,,,,,,
450,40,8.342588,66.7407,3,8.34E+00,6.67E+01,,,,,,,,,
450,45,8.348097,66.78478,3,8.35E+00,6.68E+01,,,,,,,,,
450,50,8.353592,66.82874,3,8.35E+00,6.68E+01,,,,,,,,,
450,55,8.359065,66.87252,3,8.36E+00,6.69E+01,,,,,,,,,
450,60,8.364501,66.916,3,8.36E+00,6.69E+01,,,,,,,,,
500,10,9.22545,73.8036,3,9.23E+00,7.38E+01,,,,,,,,,
500,15,9.231586,73.85269,3,9.23E+00,7.39E+01,,,,,,,,,
500,20,9.237721,73.90177,3,9.24E+00,7.39E+01,,,,,,,,,
500,25,9.243852,73.95082,3,9.24E+00,7.40E+01,,,,,,,,,
500,30,9.249977,73.99982,3,9.25E+00,7.40E+01,,,,,,,,,
500,35,9.256091,74.04873,3,9.26E+00,7.40E+01,,,,,,,,,
500,40,9.262189,74.09751,3,9.26E+00,7.41E+01,,,,,,,,,
500,45,9.268257,74.14606,3,9.27E+00,7.41E+01,,,,,,,,,
500,50,9.274281,74.19425,3,9.27E+00,7.42E+01,,,,,,,,,
500,55,9.280235,74.24188,3,9.28E+00,7.42E+01,,,,,,,,,
500,60,9.286081,74.28865,3,9.29E+00,7.43E+01,,,,,,,,,
550,10,10.14002,81.12013,3,1.01E+01,8.11E+01,,,,,,,,,
550,15,10.14675,81.17404,3,1.01E+01,8.12E+01,,,,,,,,,
550,20,10.15349,81.22788,3,1.02E+01,8.12E+01,,,,,,,,,
550,25,10.1602,81.28162,3,1.02E+01,8.13E+01,,,,,,,,,
550,30,10.1669,81.33518,3,1.02E+01,8.13E+01,,,,,,,,,
550,35,10.17356,81.38846,3,1.02E+01,8.14E+01,,,,,,,,,
550,40,10.18016,81.44128,3,1.02E+01,8.14E+01,,,,,,,,,
550,45,10.18667,81.49339,3,1.02E+01,8.15E+01,,,,,,,,,
550,50,10.19305,81.54443,3,1.02E+01,8.15E+01,,,,,,,,,
550,55,10.19923,81.59384,3,1.02E+01,8.16E+01,,,,,,,,,
550,60,10.2051,81.64079,3,1.02E+01,8.16E+01,,,,,,,,,
600,10,11.05312,88.42497,3,1.11E+01,8.84E+01,,,,,,,,,
600,15,11.06044,88.48351,3,1.11E+01,8.85E+01,,,,,,,,,
600,20,11.06773,88.54181,3,1.11E+01,8.85E+01,,,,,,,,,
600,25,11.07497,88.59976,3,1.11E+01,8.86E+01,,,,,,,,,
600,30,11.08214,88.65711,3,1.11E+01,8.87E+01,,,,,,,,,
600,35,11.0892,88.71356,3,1.11E+01,8.87E+01,,,,,,,,,
600,40,11.09608,88.76865,3,1.11E+01,8.88E+01,,,,,,,,,
600,45,11.10271,88.82168,3,1.11E+01,8.88E+01,,,,,,,,,
600,50,11.10894,88.87154,3,1.11E+01,8.89E+01,,,,,,,,,
600,55,11.11457,88.91656,3,1.11E+01,8.89E+01,,,,,,,,,
600,60,11.11927,88.95412,3,1.11E+01,8.90E+01,,,,,,,,,
650,10,11.96468,95.71745,3,1.20E+01,9.57E+01,,,,,,,,,
650,15,11.9725,95.77997,3,1.20E+01,9.58E+01,,,,,,,,,
650,20,11.98022,95.84173,3,1.20E+01,9.58E+01,,,,,,,,,
650,25,11.98779,95.90234,3,1.20E+01,9.59E+01,,,,,,,,,
650,30,11.99515,95.9612,3,1.20E+01,9.60E+01,,,,,,,,,
650,35,12.00218,96.01741,3,1.20E+01,9.60E+01,,,,,,,,,
650,40,12.00869,96.06951,3,1.20E+01,9.61E+01,,,,,,,,,
650,45,12.01439,96.11515,3,1.20E+01,9.61E+01,,,,,,,,,
650,50,12.01885,96.15079,3,1.20E+01,9.62E+01,,,,,,,,,
650,55,12.02141,96.17125,3,1.20E+01,9.62E+01,,,,,,,,,
650,60,12.02117,96.16936,3,1.20E+01,9.62E+01,,,,,,,,,
700,10,12.87439,102.9951,3,1.29E+01,1.03E+02,,,,,,,,,
700,15,12.88245,103.0596,3,1.29E+01,1.03E+02,,,,,,,,,
700,20,12.89024,103.1219,3,1.29E+01,1.03E+02,,,,,,,,,
700,25,12.89759,103.1807,3,1.29E+01,1.03E+02,,,,,,,,,
700,30,12.90425,103.234,3,1.29E+01,1.03E+02,,,,,,,,,
700,35,12.90982,103.2786,3,1.29E+01,1.03E+02,,,,,,,,,
700,40,12.91368,103.3095,3,1.29E+01,1.03E+02,,,,,,,,,
700,45,12.91495,103.3196,3,1.29E+01,1.03E+02,,,,,,,,,
700,50,12.91242,103.2994,3,1.29E+01,1.03E+02,,,,,,,,,
700,55,12.90455,103.2364,3,1.29E+01,1.03E+02,,,,,,,,,
700,60,12.88945,103.1156,3,1.29E+01,1.03E+02,,,,,,,,,
750,10,13.78131,110.2504,3,1.38E+01,1.10E+02,,,,,,,,,
750,15,13.78888,110.311,3,1.38E+01,1.10E+02,,,,,,,,,
750,20,13.79551,110.3641,3,1.38E+01,1.10E+02,,,,,,,,,
750,25,13.80063,110.405,3,1.38E+01,1.10E+02,,,,,,,,,
750,30,13.80336,110.4269,3,1.38E+01,1.10E+02,,,,,,,,,
750,35,13.80251,110.4201,3,1.38E+01,1.10E+02,,,,,,,,,
750,40,13.79648,110.3718,3,1.38E+01,1.10E+02,,,,,,,,,
750,45,13.7833,110.2664,3,1.38E+01,1.10E+02,,,,,,,,,
750,50,13.76073,110.0858,3,1.38E+01,1.10E+02,,,,,,,,,
750,55,13.72649,109.8119,3,1.37E+01,1.10E+02,,,,,,,,,
750,60,13.6786,109.4288,3,1.37E+01,1.09E+02,,,,,,,,,
800,10,14.68227,117.4581,3,1.47E+01,1.17E+02,,,,,,,,,
800,15,14.68644,117.4915,3,1.47E+01,1.17E+02,,,,,,,,,
800,20,14.68726,117.4981,3,1.47E+01,1.17E+02,,,,,,,,,
800,25,14.68309,117.4647,3,1.47E+01,1.17E+02,,,,,,,,,
800,30,14.67186,117.3749,3,1.47E+01,1.17E+02,,,,,,,,,
800,35,14.65117,117.2094,3,1.47E+01,1.17E+02,,,,,,,,,
800,40,14.61855,116.9484,3,1.46E+01,1.17E+02,,,,,,,,,
800,45,14.57182,116.5745,3,1.46E+01,1.17E+02,,,,,,,,,
800,50,14.50948,116.0758,3,1.45E+01,1.16E+02,,,,,,,,,
800,55,14.43094,115.4475,3,1.44E+01,1.15E+02,,,,,,,,,
800,60,14.33644,114.6916,3,1.43E+01,1.15E+02,,,,,,,,,
850,10,15.56439,124.5151,3,1.56E+01,1.25E+02,,,,,,,,,
850,15,15.55517,124.4414,3,1.56E+01,1.24E+02,,,,,,,,,
850,20,15.53644,124.2915,3,1.55E+01,1.24E+02,,,,,,,,,
850,25,15.50549,124.0439,3,1.55E+01,1.24E+02,,,,,,,,,
850,30,15.45991,123.6793,3,1.55E+01,1.24E+02,,,,,,,,,
850,35,15.39809,123.1847,3,1.54E+01,1.23E+02,,,,,,,,,
850,40,15.31938,122.555,3,1.53E+01,1.23E+02,,,,,,,,,
850,45,15.22415,121.7932,3,1.52E+01,1.22E+02,,,,,,,,,
850,50,15.11349,120.9079,3,1.51E+01,1.21E+02,,,,,,,,,
850,55,14.98888,119.9111,3,1.50E+01,1.20E+02,,,,,,,,,
850,60,14.85192,118.8153,3,1.49E+01,1.19E+02,,,,,,,,,
900,10,16.38739,131.0991,3,1.64E+01,1.31E+02,,,,,,,,,
900,15,16.34302,130.7442,3,1.63E+01,1.31E+02,,,,,,,,,
900,20,16.28166,130.2533,3,1.63E+01,1.30E+02,,,,,,,,,
900,25,16.20267,129.6214,3,1.62E+01,1.30E+02,,,,,,,,,
900,30,16.10652,128.8522,3,1.61E+01,1.29E+02,,,,,,,,,
900,35,15.99448,127.9559,3,1.60E+01,1.28E+02,,,,,,,,,
900,40,15.86825,126.946,3,1.59E+01,1.27E+02,,,,,,,,,
900,45,15.72958,125.8367,3,1.57E+01,1.26E+02,,,,,,,,,
900,50,15.58017,124.6414,3,1.56E+01,1.25E+02,,,,,,,,,
900,55,15.4215,123.372,3,1.54E+01,1.23E+02,,,,,,,,,
900,60,15.25483,122.0386,3,1.53E+01,1.22E+02,,,,,,,,,
950,10,17.08094,136.6475,3,1.71E+01,1.37E+02,,,,,,,,,
950,15,16.98369,135.8695,3,1.70E+01,1.36E+02,,,,,,,,,
950,20,16.87007,134.9605,3,1.69E+01,1.35E+02,,,,,,,,,
950,25,16.74197,133.9357,3,1.67E+01,1.34E+02,,,,,,,,,
950,30,16.60137,132.811,3,1.66E+01,1.33E+02,,,,,,,,,
950,35,16.45008,131.6006,3,1.65E+01,1.32E+02,,,,,,,,,
950,40,16.28967,130.3173,3,1.63E+01,1.30E+02,,,,,,,,,
950,45,16.12147,128.9718,3,1.61E+01,1.29E+02,,,,,,,,,
950,50,15.94657,127.5726,3,1.59E+01,1.28E+02,,,,,,,,,
950,55,15.76588,126.127,3,1.58E+01,1.26E+02,,,,,,,,,
950,60,15.5801,124.6408,3,1.56E+01,1.25E+02,,,,,,,,,
1000,10,17.61018,140.8814,3,1.76E+01,1.41E+02,,,,,,,,,
1000,15,17.46744,139.7395,3,1.75E+01,1.40E+02,,,,,,,,,
1000,20,17.31406,138.5125,3,1.73E+01,1.39E+02,,,,,,,,,
1000,25,17.15172,137.2137,3,1.72E+01,1.37E+02,,,,,,,,,
1000,30,16.9818,135.8544,3,1.70E+01,1.36E+02,,,,,,,,,
1000,35,16.80542,134.4434,3,1.68E+01,1.34E+02,,,,,,,,,
1000,40,16.62348,132.9879,3,1.66E+01,1.33E+02,,,,,,,,,
1000,45,16.43673,131.4939,3,1.64E+01,1.31E+02,,,,,,,,,
1000,50,16.24574,129.9659,3,1.62E+01,1.30E+02,,,,,,,,,
1000,55,16.051,128.408,3,1.61E+01,1.28E+02,,,,,,,,,
1000,60,15.85286,126.8229,3,1.59E+01,1.27E+02,,,,,,,,,
1050,10,18.00779,144.0623,3,1.80E+01,1.44E+02,,,,,,,,,
1050,15,17.836,142.688,3,1.78E+01,1.43E+02,,,,,,,,,
1050,20,17.65799,141.2639,3,1.77E+01,1.41E+02,,,,,,,,,
1050,25,17.47466,139.7973,3,1.75E+01,1.40E+02,,,,,,,,,
1050,30,17.28677,138.2941,3,1.73E+01,1.38E+02,,,,,,,,,
1050,35,17.09488,136.759,3,1.71E+01,1.37E+02,,,,,,,,,
1050,40,16.89949,135.1959,3,1.69E+01,1.35E+02,,,,,,,,,
1050,45,16.70094,133.6075,3,1.67E+01,1.34E+02,,,,,,,,,
1050,50,16.49956,131.9965,3,1.65E+01,1.32E+02,,,,,,,,,
1050,55,16.29557,130.3646,3,1.63E+01,1.30E+02,,,,,,,,,
1050,60,16.08915,128.7132,3,1.61E+01,1.29E+02,,,,,,,,,
1100,10,18.31956,146.5565,3,1.83E+01,1.47E+02,,,,,,,,,
1100,15,18.13042,145.0434,3,1.81E+01,1.45E+02,,,,,,,,,
1100,20,17.93752,143.5002,3,1.79E+01,1.44E+02,,,,,,,,,
1100,25,17.74133,141.9307,3,1.77E+01,1.42E+02,,,,,,,,,
1100,30,17.54223,140.3379,3,1.75E+01,1.40E+02,,,,,,,,,
1100,35,17.34049,138.7239,3,1.73E+01,1.39E+02,,,,,,,,,
1100,40,17.13636,137.0909,3,1.71E+01,1.37E+02,,,,,,,,,
1100,45,16.93005,135.4404,3,1.69E+01,1.35E+02,,,,,,,,,
1100,50,16.72168,133.7734,3,1.67E+01,1.34E+02,,,,,,,,,
1100,55,16.51135,132.0908,3,1.65E+01,1.32E+02,,,,,,,,,
1100,60,16.29916,130.3932,3,1.63E+01,1.30E+02,,,,,,,,,
1150,10,18.57673,148.6138,3,1.86E+01,1.49E+02,,,,,,,,,
1150,15,18.37695,147.0156,3,1.84E+01,1.47E+02,,,,,,,,,
1150,20,18.17475,145.398,3,1.82E+01,1.45E+02,,,,,,,,,
1150,25,17.97036,143.7629,3,1.80E+01,1.44E+02,,,,,,,,,
1150,30,17.76396,142.1117,3,1.78E+01,1.42E+02,,,,,,,,,
1150,35,17.5557,140.4456,3,1.76E+01,1.40E+02,,,,,,,,,
1150,40,17.34571,138.7656,3,1.73E+01,1.39E+02,,,,,,,,,
1150,45,17.13403,137.0723,3,1.71E+01,1.37E+02,,,,,,,,,
1150,50,16.92076,135.3661,3,1.69E+01,1.35E+02,,,,,,,,,
1150,55,16.70592,133.6474,3,1.67E+01,1.34E+02,,,,,,,,,
1150,60,16.48952,131.9162,3,1.65E+01,1.32E+02,,,,,,,,,
1200,10,18.79776,150.3821,3,1.88E+01,1.50E+02,,,,,,,,,
1200,15,18.59125,148.73,3,1.86E+01,1.49E+02,,,,,,,,,
1200,20,18.3829,147.0632,3,1.84E+01,1.47E+02,,,,,,,,,
1200,25,18.17305,145.3844,3,1.82E+01,1.45E+02,,,,,,,,,
1200,30,17.96172,143.6937,3,1.80E+01,1.44E+02,,,,,,,,,
1200,35,17.74896,141.9917,3,1.77E+01,1.42E+02,,,,,,,,,
1200,40,17.53482,140.2786,3,1.75E+01,1.40E+02,,,,,,,,,
1200,45,17.31933,138.5546,3,1.73E+01,1.39E+02,,,,,,,,,
1200,50,17.10249,136.8199,3,1.71E+01,1.37E+02,,,,,,,,,
1200,55,16.88429,135.0743,3,1.69E+01,1.35E+02,,,,,,,,,
1200,60,16.66472,133.3178,3,1.67E+01,1.33E+02,,,,,,,,,
1250,10,18.99369,151.9495,3,1.90E+01,1.52E+02,,,,,,,,,
1250,15,18.78256,150.2605,3,1.88E+01,1.50E+02,,,,,,,,,
1250,20,18.57016,148.5613,3,1.86E+01,1.49E+02,,,,,,,,,
1250,25,18.35654,146.8523,3,1.84E+01,1.47E+02,,,,,,,,,
1250,30,18.14172,145.1338,3,1.81E+01,1.45E+02,,,,,,,,,
1250,35,17.92574,143.4059,3,1.79E+01,1.43E+02,,,,,,,,,
1250,40,17.70858,141.6687,3,1.77E+01,1.42E+02,,,,,,,,,
1250,45,17.49025,139.922,3,1.75E+01,1.40E+02,,,,,,,,,
1250,50,17.27071,138.1657,3,1.73E+01,1.38E+02,,,,,,,,,
1250,55,17.04993,136.3994,3,1.70E+01,1.36E+02,,,,,,,,,
1250,60,16.82786,134.6228,3,1.68E+01,1.35E+02,,,,,,,,,
100,10,1.856279,14.85024,3,1.86E+00,1.49E+01,,,,,,,,,
100,15,1.857515,14.86012,3,1.86E+00,1.49E+01,,,,,,,,,
100,20,1.85875,14.87,3,1.86E+00,1.49E+01,,,,,,,,,
100,25,1.859985,14.87988,3,1.86E+00,1.49E+01,,,,,,,,,
100,30,1.86122,14.88976,3,1.86E+00,1.49E+01,,,,,,,,,
100,35,1.862456,14.89964,3,1.86E+00,1.49E+01,,,,,,,,,
100,40,1.863691,14.90953,3,1.86E+00,1.49E+01,,,,,,,,,
100,45,1.864926,14.91941,3,1.86E+00,1.49E+01,,,,,,,,,
100,50,1.866161,14.92929,3,1.87E+00,1.49E+01,,,,,,,,,
100,55,1.867396,14.93917,3,1.87E+00,1.49E+01,,,,,,,,,
100,60,1.868632,14.94905,3,1.87E+00,1.49E+01,,,,,,,,,
150,10,2.781873,22.25499,3,2.78E+00,2.23E+01,,,,,,,,,
150,15,2.783725,22.2698,3,2.78E+00,2.23E+01,,,,,,,,,
150,20,2.785576,22.28461,3,2.79E+00,2.23E+01,,,,,,,,,
150,25,2.787427,22.29942,3,2.79E+00,2.23E+01,,,,,,,,,
150,30,2.789278,22.31422,3,2.79E+00,2.23E+01,,,,,,,,,
150,35,2.791129,22.32903,3,2.79E+00,2.23E+01,,,,,,,,,
150,40,2.79298,22.34384,3,2.79E+00,2.23E+01,,,,,,,,,
150,45,2.794831,22.35865,3,2.79E+00,2.24E+01,,,,,,,,,
150,50,2.796682,22.37346,3,2.80E+00,2.24E+01,,,,,,,,,
150,55,2.798533,22.38827,3,2.80E+00,2.24E+01,,,,,,,,,
150,60,2.800384,22.40307,3,2.80E+00,2.24E+01,,,,,,,,,
200,10,3.705776,29.64621,3,3.71E+00,2.96E+01,,,,,,,,,
200,15,3.708242,29.66594,3,3.71E+00,2.97E+01,,,,,,,,,
200,20,3.710708,29.68567,3,3.71E+00,2.97E+01,,,,,,,,,
200,25,3.713174,29.70539,3,3.71E+00,2.97E+01,,,,,,,,,
200,30,3.71564,29.72512,3,3.72E+00,2.97E+01,,,,,,,,,
200,35,3.718106,29.74485,3,3.72E+00,2.97E+01,,,,,,,,,
200,40,3.720572,29.76457,3,3.72E+00,2.98E+01,,,,,,,,,
200,45,3.723037,29.7843,3,3.72E+00,2.98E+01,,,,,,,,,
200,50,3.725503,29.80402,3,3.73E+00,2.98E+01,,,,,,,,,
200,55,3.727967,29.82374,3,3.73E+00,2.98E+01,,,,,,,,,
200,60,3.730431,29.84345,3,3.73E+00,2.98E+01,,,,,,,,,
250,10,4.627993,37.02394,3,4.63E+00,3.70E+01,,,,,,,,,
250,15,4.631073,37.04858,3,4.63E+00,3.70E+01,,,,,,,,,
250,20,4.634152,37.07322,3,4.63E+00,3.71E+01,,,,,,,,,
250,25,4.637232,37.09785,3,4.64E+00,3.71E+01,,,,,,,,,
250,30,4.640311,37.12249,3,4.64E+00,3.71E+01,,,,,,,,,
250,35,4.64339,37.14712,3,4.64E+00,3.71E+01,,,,,,,,,
250,40,4.646468,37.17174,3,4.65E+00,3.72E+01,,,,,,,,,
250,45,4.649545,37.19636,3,4.65E+00,3.72E+01,,,,,,,,,
250,50,4.652621,37.22097,3,4.65E+00,3.72E+01,,,,,,,,,
250,55,4.655694,37.24555,3,4.66E+00,3.72E+01,,,,,,,,,
250,60,4.658761,37.27009,3,4.66E+00,3.73E+01,,,,,,,,,
300,10,5.548528,44.38822,3,5.55E+00,4.44E+01,,,,,,,,,
300,15,5.552219,44.41776,3,5.55E+00,4.44E+01,,,,,,,,,
300,20,5.555911,44.44729,3,5.56E+00,4.44E+01,,,,,,,,,
300,25,5.559602,44.47681,3,5.56E+00,4.45E+01,,,,,,,,,
300,30,5.563291,44.50633,3,5.56E+00,4.45E+01,,,,,,,,,
300,35,5.566979,44.53583,3,5.57E+00,4.45E+01,,,,,,,,,
300,40,5.570663,44.5653,3,5.57E+00,4.46E+01,,,,,,,,,
300,45,5.57434,44.59472,3,5.57E+00,4.46E+01,,,,,,,,,
300,50,5.578008,44.62406,3,5.58E+00,4.46E+01,,,,,,,,,
300,55,5.581658,44.65326,3,5.58E+00,4.47E+01,,,,,,,,,
300,60,5.585281,44.68225,3,5.59E+00,4.47E+01,,,,,,,,,
350,10,6.467383,51.73906,3,6.47E+00,5.17E+01,,,,,,,,,
350,15,6.471683,51.77347,3,6.47E+00,5.18E+01,,,,,,,,,
350,20,6.475981,51.80785,3,6.48E+00,5.18E+01,,,,,,,,,
350,25,6.480275,51.8422,3,6.48E+00,5.18E+01,,,,,,,,,
350,30,6.484561,51.87648,3,6.48E+00,5.19E+01,,,,,,,,,
350,35,6.488833,51.91066,3,6.49E+00,5.19E+01,,,,,,,,,
350,40,6.493082,51.94466,3,6.49E+00,5.19E+01,,,,,,,,,
350,45,6.497295,51.97836,3,6.50E+00,5.20E+01,,,,,,,,,
350,50,6.501447,52.01158,3,6.50E+00,5.20E+01,,,,,,,,,
350,55,6.505503,52.04403,3,6.51E+00,5.20E+01,,,,,,,,,
350,60,6.509408,52.07526,3,6.51E+00,5.21E+01,,,,,,,,,
400,10,7.384545,59.07636,3,7.38E+00,5.91E+01,,,,,,,,,
400,15,7.389436,59.11549,3,7.39E+00,5.91E+01,,,,,,,,,
400,20,7.39431,59.15448,3,7.39E+00,5.92E+01,,,,,,,,,
400,25,7.399152,59.19322,3,7.40E+00,5.92E+01,,,,,,,,,
400,30,7.403943,59.23155,3,7.40E+00,5.92E+01,,,,,,,,,
400,35,7.408649,59.26919,3,7.41E+00,5.93E+01,,,,,,,,,
400,40,7.413217,59.30573,3,7.41E+00,5.93E+01,,,,,,,,,
400,45,7.417563,59.3405,3,7.42E+00,5.93E+01,,,,,,,,,
400,50,7.421562,59.3725,3,7.42E+00,5.94E+01,,,,,,,,,
400,55,7.425026,59.40021,3,7.43E+00,5.94E+01,,,,,,,,,
400,60,7.427679,59.42143,3,7.43E+00,5.94E+01,,,,,,,,,
450,10,8.299878,66.39902,3,8.30E+00,6.64E+01,,,,,,,,,
450,15,8.305231,66.44185,3,8.31E+00,6.64E+01,,,,,,,,,
450,20,8.31046,66.48368,3,8.31E+00,6.65E+01,,,,,,,,,
450,25,8.315484,66.52387,3,8.32E+00,6.65E+01,,,,,,,,,
450,30,8.320176,66.56141,3,8.32E+00,6.66E+01,,,,,,,,,
450,35,8.324339,66.59471,3,8.32E+00,6.66E+01,,,,,,,,,
450,40,8.327679,66.62143,3,8.33E+00,6.66E+01,,,,,,,,,
450,45,8.329762,66.6381,3,8.33E+00,6.66E+01,,,,,,,,,
450,50,8.329976,66.63981,3,8.33E+00,6.66E+01,,,,,,,,,
450,55,8.327483,66.61986,3,8.33E+00,6.66E+01,,,,,,,,,
450,60,8.321202,66.56961,3,8.32E+00,6.66E+01,,,,,,,,,
500,10,9.212245,73.69796,3,9.21E+00,7.37E+01,,,,,,,,,
500,15,9.217119,73.73695,3,9.22E+00,7.37E+01,,,,,,,,,
500,20,9.221162,73.7693,3,9.22E+00,7.38E+01,,,,,,,,,
500,25,9.223901,73.79121,3,9.22E+00,7.38E+01,,,,,,,,,
500,30,9.224647,73.79717,3,9.22E+00,7.38E+01,,,,,,,,,
500,35,9.222442,73.77954,3,9.22E+00,7.38E+01,,,,,,,,,
500,40,9.216035,73.72828,3,9.22E+00,7.37E+01,,,,,,,,,
500,45,9.203912,73.63129,3,9.20E+00,7.36E+01,,,,,,,,,
500,50,9.184418,73.47534,3,9.18E+00,7.35E+01,,,,,,,,,
500,55,9.155976,73.24781,3,9.16E+00,7.32E+01,,,,,,,,,
500,60,9.117343,72.93874,3,9.12E+00,7.29E+01,,,,,,,,,
550,10,10.11285,80.90279,3,1.01E+01,8.09E+01,,,,,,,,,
550,15,10.11091,80.88731,3,1.01E+01,8.09E+01,,,,,,,,,
550,20,10.10429,80.83434,3,1.01E+01,8.08E+01,,,,,,,,,
550,25,10.09122,80.72978,3,1.01E+01,8.07E+01,,,,,,,,,
550,30,10.06982,80.55853,3,1.01E+01,8.06E+01,,,,,,,,,
550,35,10.03837,80.30695,3,1.00E+01,8.03E+01,,,,,,,,,
550,40,9.995671,79.96537,3,1.00E+01,8.00E+01,,,,,,,,,
550,45,9.941216,79.52973,3,9.94E+00,7.95E+01,,,,,,,,,
550,50,9.875192,79.00154,3,9.88E+00,7.90E+01,,,,,,,,,
550,55,9.798321,78.38657,3,9.80E+00,7.84E+01,,,,,,,,,
550,60,9.711634,77.69307,3,9.71E+00,7.77E+01,,,,,,,,,
600,10,10.94793,87.58344,3,1.09E+01,8.76E+01,,,,,,,,,
600,15,10.9129,87.30318,3,1.09E+01,8.73E+01,,,,,,,,,
600,20,10.8655,86.92397,3,1.09E+01,8.69E+01,,,,,,,,,
600,25,10.80553,86.44422,3,1.08E+01,8.64E+01,,,,,,,,,
600,30,10.73357,85.86854,3,1.07E+01,8.59E+01,,,,,,,,,
600,35,10.65069,85.20553,3,1.07E+01,8.52E+01,,,,,,,,,
600,40,10.55819,84.46551,3,1.06E+01,8.45E+01,,,,,,,,,
600,45,10.45736,83.6589,3,1.05E+01,8.37E+01,,,,,,,,,
600,50,10.34941,82.7953,3,1.03E+01,8.28E+01,,,,,,,,,
600,55,10.23538,81.88307,3,1.02E+01,8.19E+01,,,,,,,,,
600,60,10.11617,80.92934,3,1.01E+01,8.09E+01,,,,,,,,,
650,10,11.5819,92.65518,3,1.16E+01,9.27E+01,,,,,,,,,
650,15,11.49276,91.94211,3,1.15E+01,9.19E+01,,,,,,,,,
650,20,11.39436,91.1549,3,1.14E+01,9.12E+01,,,,,,,,,
650,25,11.28811,90.3049,3,1.13E+01,9.03E+01,,,,,,,,,
650,30,11.17525,89.40201,3,1.12E+01,8.94E+01,,,,,,,,,
650,35,11.05682,88.45456,3,1.11E+01,8.85E+01,,,,,,,,,
650,40,10.93368,87.46941,3,1.09E+01,8.75E+01,,,,,,,,,
650,45,10.80652,86.45219,3,1.08E+01,8.65E+01,,,,,,,,,
650,50,10.67594,85.4075,3,1.07E+01,8.54E+01,,,,,,,,,
650,55,10.54239,84.3391,3,1.05E+01,8.43E+01,,,,,,,,,
650,60,10.40626,83.25008,3,1.04E+01,8.33E+01,,,,,,,,,
700,10,11.9906,95.92481,3,1.20E+01,9.59E+01,,,,,,,,,
700,15,11.86799,94.94394,3,1.19E+01,9.49E+01,,,,,,,,,
700,20,11.74117,93.92932,3,1.17E+01,9.39E+01,,,,,,,,,
700,25,11.61077,92.88613,3,1.16E+01,9.29E+01,,,,,,,,,
700,30,11.47732,91.81854,3,1.15E+01,9.18E+01,,,,,,,,,
700,35,11.34124,90.72993,3,1.13E+01,9.07E+01,,,,,,,,,
700,40,11.20288,89.62308,3,1.12E+01,8.96E+01,,,,,,,,,
700,45,11.06252,88.50019,3,1.11E+01,8.85E+01,,,,,,,,,
700,50,10.9204,87.36323,3,1.09E+01,8.74E+01,,,,,,,,,
700,55,10.77672,86.21372,3,1.08E+01,8.62E+01,,,,,,,,,
700,60,10.63162,85.053,3,1.06E+01,8.51E+01,,,,,,,,,
750,10,12.26897,98.15178,3,1.23E+01,9.82E+01,,,,,,,,,
750,15,12.13063,97.045,3,1.21E+01,9.70E+01,,,,,,,,,
750,20,11.99027,95.92217,3,1.20E+01,9.59E+01,,,,,,,,,
750,25,11.84817,94.78536,3,1.18E+01,9.48E+01,,,,,,,,,
750,30,11.70452,93.63613,3,1.17E+01,9.36E+01,,,,,,,,,
750,35,11.55948,92.47582,3,1.16E+01,9.25E+01,,,,,,,,,
750,40,11.4132,91.30562,3,1.14E+01,9.13E+01,,,,,,,,,
750,45,11.26581,90.12647,3,1.13E+01,9.01E+01,,,,,,,,,
750,50,11.1174,88.93922,3,1.11E+01,8.89E+01,,,,,,,,,
750,55,10.96807,87.74453,3,1.10E+01,8.77E+01,,,,,,,,,
750,60,10.8179,86.54323,3,1.08E+01,8.65E+01,,,,,,,,,
800,10,12.47963,99.83702,3,1.25E+01,9.98E+01,,,,,,,,,
800,15,12.33346,98.66765,3,1.23E+01,9.87E+01,,,,,,,,,
800,20,12.18619,97.48956,3,1.22E+01,9.75E+01,,,,,,,,,
800,25,12.03794,96.30355,3,1.20E+01,9.63E+01,,,,,,,,,
800,30,11.88881,95.11049,3,1.19E+01,9.51E+01,,,,,,,,,
800,35,11.73887,93.91095,3,1.17E+01,9.39E+01,,,,,,,,,
800,40,11.58811,92.70487,3,1.16E+01,9.27E+01,,,,,,,,,
800,45,11.43668,91.49343,3,1.14E+01,9.15E+01,,,,,,,,,
800,50,11.2846,90.27677,3,1.13E+01,9.03E+01,,,,,,,,,
800,55,11.13191,89.05528,3,1.11E+01,8.91E+01,,,,,,,,,
800,60,10.97864,87.82915,3,1.10E+01,8.78E+01,,,,,,,,,
850,10,12.65172,101.2138,3,1.27E+01,1.01E+02,,,,,,,,,
850,15,12.50133,100.0106,3,1.25E+01,1.00E+02,,,,,,,,,
850,20,12.35022,98.8018,3,1.24E+01,9.88E+01,,,,,,,,,
850,25,12.19848,97.58782,3,1.22E+01,9.76E+01,,,,,,,,,
850,30,12.04615,96.36918,3,1.20E+01,9.64E+01,,,,,,,,,
850,35,11.89355,95.14838,3,1.19E+01,9.51E+01,,,,,,,,,
850,40,11.73992,93.91935,3,1.17E+01,9.39E+01,,,,,,,,,
850,45,11.58603,92.68825,3,1.16E+01,9.27E+01,,,,,,,,,
850,50,11.43169,91.4535,3,1.14E+01,9.15E+01,,,,,,,,,
850,55,11.2769,90.21521,3,1.13E+01,9.02E+01,,,,,,,,,
850,60,11.12171,88.9737,3,1.11E+01,8.90E+01,,,,,,,,,
900,10,12.79968,102.3975,3,1.28E+01,1.02E+02,,,,,,,,,
900,15,12.64682,101.1746,3,1.26E+01,1.01E+02,,,,,,,,,
900,20,12.49343,99.94744,3,1.25E+01,9.99E+01,,,,,,,,,
900,25,12.3396,98.71681,3,1.23E+01,9.87E+01,,,,,,,,,
900,30,12.18535,97.48277,3,1.22E+01,9.75E+01,,,,,,,,,
900,35,12.0307,96.24562,3,1.20E+01,9.62E+01,,,,,,,,,
900,40,11.87566,95.00526,3,1.19E+01,9.50E+01,,,,,,,,,
900,45,11.72024,93.76191,3,1.17E+01,9.38E+01,,,,,,,,,
900,50,11.56444,92.51554,3,1.16E+01,9.25E+01,,,,,,,,,
900,55,11.40833,91.26668,3,1.14E+01,9.13E+01,,,,,,,,,
900,60,11.25187,90.01497,3,1.13E+01,9.00E+01,,,,,,,,,
950,10,12.93125,103.45,3,1.29E+01,1.03E+02,,,,,,,,,
950,15,12.77686,102.2149,3,1.28E+01,1.02E+02,,,,,,,,,
950,20,12.6221,100.9768,3,1.26E+01,1.01E+02,,,,,,,,,
950,25,12.46699,99.73591,3,1.25E+01,9.97E+01,,,,,,,,,
950,30,12.31154,98.49231,3,1.23E+01,9.85E+01,,,,,,,,,
950,35,12.15576,97.24607,3,1.22E+01,9.72E+01,,,,,,,,,
950,40,11.99966,95.99727,3,1.20E+01,9.60E+01,,,,,,,,,
950,45,11.84322,94.74572,3,1.18E+01,9.47E+01,,,,,,,,,
950,50,11.74221,93.93767,3,1.17E+01,9.39E+01,,,,,,,,,
950,55,11.74926,93.99412,3,1.17E+01,9.40E+01,,,,,,,,,
950,60,11.75623,94.04986,3,1.18E+01,9.40E+01,,,,,,,,,
1000,10,13.05107,104.4086,3,1.31E+01,1.04E+02,,,,,,,,,
1000,15,12.89576,103.1661,3,1.29E+01,1.03E+02,,,,,,,,,
1000,20,12.74015,101.9212,3,1.27E+01,1.02E+02,,,,,,,,,
1000,25,12.5843,100.6744,3,1.26E+01,1.01E+02,,,,,,,,,
1000,30,12.42801,99.42406,3,1.24E+01,9.94E+01,,,,,,,,,
1000,35,12.3304,98.64324,3,1.23E+01,9.86E+01,,,,,,,,,
1000,40,12.33792,98.70336,3,1.23E+01,9.87E+01,,,,,,,,,
1000,45,12.3454,98.76317,3,1.23E+01,9.88E+01,,,,,,,,,
1000,50,12.35281,98.82247,3,1.24E+01,9.88E+01,,,,,,,,,
1000,55,12.36012,98.88096,3,1.24E+01,9.89E+01,,,,,,,,,
1000,60,12.36727,98.93815,3,1.24E+01,9.89E+01,,,,,,,,,
1050,10,13.16211,105.2968,3,1.32E+01,1.05E+02,,,,,,,,,
1050,15,13.00623,104.0498,3,1.30E+01,1.04E+02,,,,,,,,,
1050,20,12.91554,103.3244,3,1.29E+01,1.03E+02,,,,,,,,,
1050,25,12.92347,103.3878,3,1.29E+01,1.03E+02,,,,,,,,,
1050,30,12.93139,103.4511,3,1.29E+01,1.03E+02,,,,,,,,,
1050,35,12.93927,103.5142,3,1.29E+01,1.04E+02,,,,,,,,,
1050,40,12.94711,103.5769,3,1.29E+01,1.04E+02,,,,,,,,,
1050,45,12.95488,103.639,3,1.30E+01,1.04E+02,,,,,,,,,
1050,50,12.96252,103.7002,3,1.30E+01,1.04E+02,,,,,,,,,
1050,55,12.96998,103.7599,3,1.30E+01,1.04E+02,,,,,,,,,
1050,60,12.97715,103.8172,3,1.30E+01,1.04E+02,,,,,,,,,
1100,10,13.506,108.048,3,1.35E+01,1.08E+02,,,,,,,,,
1100,15,13.51431,108.1145,3,1.35E+01,1.08E+02,,,,,,,,,
1100,20,13.52261,108.1809,3,1.35E+01,1.08E+02,,,,,,,,,
1100,25,13.5309,108.2472,3,1.35E+01,1.08E+02,,,,,,,,,
1100,30,13.53915,108.3132,3,1.35E+01,1.08E+02,,,,,,,,,
1100,35,13.54735,108.3788,3,1.35E+01,1.08E+02,,,,,,,,,
1100,40,13.55546,108.4437,3,1.36E+01,1.08E+02,,,,,,,,,
1100,45,13.56344,108.5075,3,1.36E+01,1.09E+02,,,,,,,,,
1100,50,13.5712,108.5696,3,1.36E+01,1.09E+02,,,,,,,,,
1100,55,13.57861,108.6289,3,1.36E+01,1.09E+02,,,,,,,,,
1100,60,13.58548,108.6838,3,1.36E+01,1.09E+02,,,,,,,,,
1150,10,14.11161,112.8929,3,1.41E+01,1.13E+02,,,,,,,,,
1150,15,14.12029,112.9623,3,1.41E+01,1.13E+02,,,,,,,,,
1150,20,14.12894,113.0315,3,1.41E+01,1.13E+02,,,,,,,,,
1150,25,14.13756,113.1005,3,1.41E+01,1.13E+02,,,,,,,,,
1150,30,14.14612,113.169,3,1.41E+01,1.13E+02,,,,,,,,,
1150,35,14.15458,113.2366,3,1.42E+01,1.13E+02,,,,,,,,,
1150,40,14.16287,113.303,3,1.42E+01,1.13E+02,,,,,,,,,
1150,45,14.17091,113.3673,3,1.42E+01,1.13E+02,,,,,,,,,
1150,50,14.17854,113.4283,3,1.42E+01,1.13E+02,,,,,,,,,
1150,55,14.18553,113.4842,3,1.42E+01,1.13E+02,,,,,,,,,
1150,60,14.19153,113.5323,3,1.42E+01,1.14E+02,,,,,,,,,
1200,10,14.7165,117.732,3,1.47E+01,1.18E+02,,,,,,,,,
1200,15,14.72552,117.8042,3,1.47E+01,1.18E+02,,,,,,,,,
1200,20,14.7345,117.876,3,1.47E+01,1.18E+02,,,,,,,,,
1200,25,14.74342,117.9473,3,1.47E+01,1.18E+02,,,,,,,,,
1200,30,14.75221,118.0177,3,1.48E+01,1.18E+02,,,,,,,,,
1200,35,14.76082,118.0866,3,1.48E+01,1.18E+02,,,,,,,,,
1200,40,14.76912,118.153,3,1.48E+01,1.18E+02,,,,,,,,,
1200,45,14.77694,118.2155,3,1.48E+01,1.18E+02,,,,,,,,,
1200,50,14.78399,118.2719,3,1.48E+01,1.18E+02,,,,,,,,,
1200,55,14.78987,118.3189,3,1.48E+01,1.18E+02,,,,,,,,,
1200,60,14.79396,118.3517,3,1.48E+01,1.18E+02,,,,,,,,,
1250,10,15.32064,122.5651,3,1.53E+01,1.23E+02,,,,,,,,,
1250,15,15.32998,122.6398,3,1.53E+01,1.23E+02,,,,,,,,,
1250,20,15.33924,122.7139,3,1.53E+01,1.23E+02,,,,,,,,,
1250,25,15.34837,122.787,3,1.53E+01,1.23E+02,,,,,,,,,
1250,30,15.35727,122.8582,3,1.54E+01,1.23E+02,,,,,,,,,
1250,35,15.36582,122.9265,3,1.54E+01,1.23E+02,,,,,,,,,
1250,40,15.37378,122.9902,3,1.54E+01,1.23E+02,,,,,,,,,
1250,45,15.38083,123.0467,3,1.54E+01,1.23E+02,,,,,,,,,
1250,50,15.38648,123.0918,3,1.54E+01,1.23E+02,,,,,,,,,
1250,55,15.38998,123.1198,3,1.54E+01,1.23E+02,,,,,,,,,
1250,60,15.39029,123.1223,3,1.54E+01,1.23E+02,,,,,,,,,
